date,temp,ws,wd,pm10
1/1/2012 0:00,8.9,4.1,119.2,28
1/2/2012 0:00,7.5,3.3,112.5,23
1/3/2012 0:00,6.5,0.8,265.7,24
1/4/2012 0:00,9.4,1.8,183.2,30
1/5/2012 0:00,7.4,1.3,252.8,15
1/6/2012 0:00,9,1.3,261.9,23
1/7/2012 0:00,9.4,2.4,174.3,41
1/8/2012 0:00,8,2.4,186.8,22
1/9/2012 0:00,3.6,1.8,263.3,9
1/10/2012 0:00,4.9,1.3,253.8,7
1/11/2012 0:00,9.4,1.8,271.2,10
1/12/2012 0:00,3.3,4.5,118.3,27
1/13/2012 0:00,4.3,0.9,274.9,14
1/14/2012 0:00,4.5,0.5,197.1,29
1/15/2012 0:00,9.3,1.6,237,36
1/16/2012 0:00,11.7,2.9,250,57
1/17/2012 0:00,10.3,2,268.2,9
1/18/2012 0:00,9.6,2.8,226.9,11
1/19/2012 0:00,11.4,2.6,235.1,11
1/20/2012 0:00,12.5,2.7,251.9,15
1/21/2012 0:00,13.2,3,244.3,15
1/22/2012 0:00,11.4,4,266.5,57
1/23/2012 0:00,10.1,1.8,216.9,39
1/24/2012 0:00,9.3,2.9,284.2,31
1/25/2012 0:00,7.9,1.7,289.1,8
1/26/2012 0:00,8.6,1.5,223.6,10
1/27/2012 0:00,11.9,1.3,302,25
1/28/2012 0:00,8.9,4.6,100.6,57
1/29/2012 0:00,7,0.6,273.9,27
1/30/2012 0:00,8.8,1.6,245.7,31
1/31/2012 0:00,12.3,2.1,255.2,25
2/1/2012 0:00,10.6,1.1,167.4,33
2/2/2012 0:00,11.9,2.1,242.8,24
2/3/2012 0:00,8.1,1.6,271.1,27
2/4/2012 0:00,7.9,6.1,97.9,50
2/5/2012 0:00,5.7,5.4,103.3,21
2/6/2012 0:00,7.7,2.5,134.5,35
2/7/2012 0:00,8.7,3,66.5,29
2/8/2012 0:00,7.7,4.4,113.7,35
2/9/2012 0:00,9.7,1.7,242.8,29
2/10/2012 0:00,10.2,2.3,176.7,36
2/11/2012 0:00,8.9,5,112.7,158
2/12/2012 0:00,5.3,6.3,115.6,56
2/13/2012 0:00,9.9,2.8,263.2,16
2/14/2012 0:00,10.2,3.2,240.6,114
2/15/2012 0:00,7.8,2.3,245,15
2/16/2012 0:00,10.8,4.8,108.1,42
2/17/2012 0:00,7.1,2.5,229.2,9
2/18/2012 0:00,7.5,1.9,268.3,2
2/19/2012 0:00,9.8,3,211.8,55
2/20/2012 0:00,9.9,2.6,259,9
2/21/2012 0:00,10.1,1.9,267.2,12
2/22/2012 0:00,12.6,3.4,249.1,12
2/23/2012 0:00,14.7,4.3,254.2,34
2/24/2012 0:00,8.6,3.9,124.7,94
2/25/2012 0:00,11.4,2.7,155.8,38
2/26/2012 0:00,14.6,1.9,213.3,27
2/27/2012 0:00,15.2,2.6,126,35
2/28/2012 0:00,13.7,3.9,262.5,276
2/29/2012 0:00,9.6,1.9,238,19
3/1/2012 0:00,12.4,2.6,273,31
3/2/2012 0:00,11.3,4.2,270.1,153
3/3/2012 0:00,6.4,2.2,284.8,15
3/4/2012 0:00,9.8,0.8,276.7,20
3/5/2012 0:00,13.4,1,203.3,40
3/6/2012 0:00,17.1,3.1,225.9,89
3/7/2012 0:00,16.6,4.6,236.9,656
3/8/2012 0:00,7.5,2.9,150,103
3/9/2012 0:00,4.8,4.6,95.9,30
3/10/2012 0:00,4.4,3.4,76.6,18
3/11/2012 0:00,9.4,2.7,260.1,13
3/12/2012 0:00,14,1.3,215.4,21
3/13/2012 0:00,16.5,0.9,235.3,50
3/14/2012 0:00,17.8,1.9,244.8,29
3/15/2012 0:00,15.5,1,203.6,29
3/16/2012 0:00,17.3,1.3,247.2,34
3/17/2012 0:00,19.4,2.8,213.4,62
3/18/2012 0:00,17.3,7.3,213.4,1691
3/19/2012 0:00,5.7,3.7,275.3,77
3/20/2012 0:00,5.8,3,270.6,8
3/21/2012 0:00,10.1,2.1,249.4,16
3/22/2012 0:00,16.2,2.2,240.2,12
3/23/2012 0:00,18.7,2,226.7,36
3/24/2012 0:00,19.4,0.9,236.2,26
3/25/2012 0:00,21.4,1.8,225.5,44
3/26/2012 0:00,20.7,2.6,262.8,24
3/27/2012 0:00,18.9,1.4,251.9,44
3/28/2012 0:00,19.5,2,253.7,47
3/29/2012 0:00,21,2.6,271.9,25
3/30/2012 0:00,19.6,2,253.6,30
3/31/2012 0:00,20.6,2.9,244.1,23
4/1/2012 0:00,20.5,3.9,231.3,138
4/2/2012 0:00,12.8,4.3,274.3,63
4/3/2012 0:00,12.4,1.5,249.1,28
4/4/2012 0:00,15.4,1.8,246.3,17
4/5/2012 0:00,20.3,2,217.1,28
4/6/2012 0:00,19.6,1.5,270.6,33
4/7/2012 0:00,20.1,2.1,23.2,80
4/8/2012 0:00,20.3,4.2,103.6,57
4/9/2012 0:00,22.2,1.9,111.4,29
4/10/2012 0:00,23,3.5,130.3,47
4/11/2012 0:00,22.4,3.3,172.3,25
4/12/2012 0:00,18.4,3.1,276,39
4/13/2012 0:00,18.3,2.2,220.7,38
4/14/2012 0:00,14.7,4.4,259,961
4/15/2012 0:00,11.7,3.1,270.3,31
4/16/2012 0:00,15,1,222.4,22
4/17/2012 0:00,18.8,1.9,146.5,49
4/18/2012 0:00,22,2,237.2,42
4/19/2012 0:00,22.6,2.8,284.4,34
4/20/2012 0:00,22.1,1.5,64.5,34
4/21/2012 0:00,23.6,1.4,140.5,29
4/22/2012 0:00,25.8,1.8,131.8,45
4/23/2012 0:00,26.3,3,116.5,52
4/24/2012 0:00,26.8,1.5,236.9,49
4/25/2012 0:00,26.5,1.7,255.7,30
4/26/2012 0:00,25.7,3.3,240.1,408
4/27/2012 0:00,21.6,2.7,274.7,25
4/28/2012 0:00,22.8,2,241.9,27
4/29/2012 0:00,22.8,1.7,256.1,23
4/30/2012 0:00,23.3,2,263.7,31
5/1/2012 0:00,23.9,2.9,240.9,31
5/2/2012 0:00,23.1,2.9,234.4,52
5/3/2012 0:00,23.7,2.1,243.3,26
5/4/2012 0:00,23.4,2.3,239.1,35
5/5/2012 0:00,23.5,2.9,242.7,32
5/6/2012 0:00,23.3,2.4,246.2,33
5/7/2012 0:00,23.5,2.1,206.1,63
5/8/2012 0:00,17.5,5.9,89.7,145
5/9/2012 0:00,14.4,3.1,82.4,17
5/10/2012 0:00,13.7,1.5,278,15
5/11/2012 0:00,18.9,2.6,110.1,25
5/12/2012 0:00,21.1,4.6,106.3,21
5/13/2012 0:00,22.4,4.6,117.1,47
5/14/2012 0:00,19.5,3.5,91.1,14
5/15/2012 0:00,19.8,2.5,120.1,20
5/16/2012 0:00,22,2.8,116.1,24
5/17/2012 0:00,25.7,2.9,179.5,39
5/18/2012 0:00,27.1,3.5,231.1,67
5/19/2012 0:00,25.6,2.5,260.6,32
5/20/2012 0:00,25.3,2.4,109.6,56
5/21/2012 0:00,27,3.8,114.9,55
5/22/2012 0:00,28.3,2.7,219.9,37
5/23/2012 0:00,28.3,4.5,237.6,143
5/24/2012 0:00,27.6,4,243.4,87
5/25/2012 0:00,26.7,2.1,225.4,41
5/26/2012 0:00,27.4,3.4,211.7,73
5/27/2012 0:00,24.4,2.1,272,20
5/28/2012 0:00,24.1,1.4,273.9,28
5/29/2012 0:00,25.7,1.8,260.1,47
5/30/2012 0:00,26.4,2.3,273.4,27
5/31/2012 0:00,26.4,3.1,116.5,81
6/1/2012 0:00,28.1,3.2,131.4,32
6/2/2012 0:00,29.6,2.1,216.4,51
6/3/2012 0:00,28.3,2,283.1,36
6/4/2012 0:00,27.7,2.2,250.8,43
6/5/2012 0:00,27.7,1.5,248.8,34
6/6/2012 0:00,27.6,1.5,233.6,28
6/7/2012 0:00,29,1.6,256.5,32
6/8/2012 0:00,28.7,1.5,259.7,36
6/9/2012 0:00,29.6,3.4,239.3,49
6/10/2012 0:00,28.2,2.7,253,27
6/11/2012 0:00,28.7,1.5,224.5,40
6/12/2012 0:00,30,1.3,221.4,38
6/13/2012 0:00,30.2,2,197,41
6/14/2012 0:00,29.7,2.5,238.4,41
6/15/2012 0:00,28.3,3.7,214.2,203
6/16/2012 0:00,27.1,2.6,107,28
6/17/2012 0:00,28.9,2.3,112.3,26
6/18/2012 0:00,31.2,2.3,279.1,30
6/19/2012 0:00,31,2.7,283.9,43
6/20/2012 0:00,30.2,1.8,291.1,31
6/21/2012 0:00,30.3,4.2,120.9,90
6/22/2012 0:00,29.6,2.9,117.2,36
6/23/2012 0:00,29.9,3.1,123.8,31
6/24/2012 0:00,30.5,2.8,121.6,33
6/25/2012 0:00,31.3,2.9,123.3,38
6/26/2012 0:00,32.3,2.2,128.1,42
6/27/2012 0:00,32.5,2.2,132.8,49
6/28/2012 0:00,32.8,2.2,141.3,74
6/29/2012 0:00,32.5,2.1,83,72
6/30/2012 0:00,33.1,2.7,149.6,57
7/1/2012 0:00,30.7,3.8,120.8,35
7/2/2012 0:00,29.2,3.3,114.4,28
7/3/2012 0:00,27.5,3,160.1,31
7/4/2012 0:00,24.4,2.1,254.7,8
7/5/2012 0:00,24.4,2.6,207.2,14
7/6/2012 0:00,23,2,127.3,14
7/7/2012 0:00,25.2,1.6,119.9,17
7/8/2012 0:00,28.5,1.5,143.6,19
7/9/2012 0:00,28.8,3.1,110.8,28
7/10/2012 0:00,24.1,2.5,81.5,8
7/11/2012 0:00,24.3,2.8,117.4,17
7/12/2012 0:00,26.7,2.6,117.8,20
7/13/2012 0:00,28.3,2.7,123.3,36
7/14/2012 0:00,29.4,2.8,122.3,31
7/15/2012 0:00,29.4,2.7,127.6,22
7/16/2012 0:00,28.5,2,221.8,42
7/17/2012 0:00,27.8,2.1,243.5,13
7/18/2012 0:00,29.1,3.1,127.9,28
7/19/2012 0:00,27.8,3.3,111.3,22
7/20/2012 0:00,26.9,3.8,118.6,19
7/21/2012 0:00,27.9,1.8,166.3,26
7/22/2012 0:00,28.6,1.7,199.2,21
7/23/2012 0:00,27.2,1.4,252.3,29
7/24/2012 0:00,26.1,1.7,219.2,50
7/25/2012 0:00,26.1,2.9,254.2,17
7/26/2012 0:00,28.2,1.8,162.8,24
7/27/2012 0:00,25.7,2.8,100,25
7/28/2012 0:00,26.3,3.3,120,38
7/29/2012 0:00,27.9,2.3,128.3,30
7/30/2012 0:00,28.1,1.7,211.5,26
7/31/2012 0:00,28.6,2,215.4,17
8/1/2012 0:00,30,1.7,244.2,19
8/2/2012 0:00,30.7,2,266.7,17
8/3/2012 0:00,30.7,2.9,270.1,33
8/4/2012 0:00,30.1,1.2,270.5,31
8/5/2012 0:00,29.3,4.2,94.7,43
8/6/2012 0:00,30.2,2.3,125.5,33
8/7/2012 0:00,31.2,1.8,127.4,37
8/8/2012 0:00,30.8,2.6,111.2,36
8/9/2012 0:00,30.2,2.3,111.8,33
8/10/2012 0:00,30.8,3,117.9,51
8/11/2012 0:00,31.1,2.4,137,43
8/12/2012 0:00,31.4,1.3,107.9,48
8/13/2012 0:00,28.7,3.9,103.8,77
8/14/2012 0:00,30,2.2,127.8,38
8/15/2012 0:00,30.7,1.2,229,32
8/16/2012 0:00,27.2,2.6,226.1,63
8/17/2012 0:00,24.9,1.5,258.7,18
8/18/2012 0:00,25.1,1.1,291.5,10
8/19/2012 0:00,27.6,2.9,122.1,16
8/20/2012 0:00,27.8,1.9,141.8,24
8/21/2012 0:00,29.2,2.1,122,29
8/22/2012 0:00,29.1,2.9,109.7,31
8/23/2012 0:00,24.8,1.7,268.1,16
8/24/2012 0:00,25.7,2.2,250.9,16
8/25/2012 0:00,,,,
8/26/2012 0:00,,,,
8/27/2012 0:00,,,,
8/28/2012 0:00,,,,
8/29/2012 0:00,26.9,2,133.8,
8/30/2012 0:00,27.3,1.8,127.3,35
8/31/2012 0:00,27.5,2,132,46
9/1/2012 0:00,28.5,2.1,133.4,42
9/2/2012 0:00,29.3,2.3,147.2,34
9/3/2012 0:00,29.2,1.7,233.3,42
9/4/2012 0:00,28.5,2.2,243.5,17
9/5/2012 0:00,28.5,2.3,218.5,29
9/6/2012 0:00,26.6,2.6,193.6,43
9/7/2012 0:00,26,2.1,229.9,14
9/8/2012 0:00,19.3,3.5,72.6,9
9/9/2012 0:00,22.4,2.8,90.9,17
9/10/2012 0:00,25.3,1.7,133.4,33
9/11/2012 0:00,25.6,2.4,223.4,18
9/12/2012 0:00,23.9,1.5,297.8,17
9/13/2012 0:00,19.8,2.9,83.5,15
9/14/2012 0:00,15.2,2.5,129.3,19
9/15/2012 0:00,16.5,1.1,218.8,17
9/16/2012 0:00,21.7,1.5,254.4,8
9/17/2012 0:00,24.3,2,272.5,16
9/18/2012 0:00,23.4,2.8,124.1,51
9/19/2012 0:00,23.8,1.2,138.1,29
9/20/2012 0:00,24.5,1.4,200.6,26
9/21/2012 0:00,25,0.9,213,25
9/22/2012 0:00,25.8,1.7,116.5,48
9/23/2012 0:00,24.7,2.4,147.7,34
9/24/2012 0:00,24,1.5,175,31
9/25/2012 0:00,24,1.2,247.9,27
9/26/2012 0:00,24.9,1.8,249.9,64
9/27/2012 0:00,23.8,2.1,143.8,29
9/28/2012 0:00,19.2,2.2,108.9,14
9/29/2012 0:00,19.5,1.1,216.6,7
9/30/2012 0:00,21.6,1.6,211.5,17
10/1/2012 0:00,22.2,2,93.6,25
10/2/2012 0:00,23,2.4,173,28
10/3/2012 0:00,24.9,2.3,254.1,19
10/4/2012 0:00,24.3,2.1,235.9,20
10/5/2012 0:00,23.9,2,244.7,20
10/6/2012 0:00,22.4,2.4,217.2,33
10/7/2012 0:00,15.7,4.5,120.5,61
10/8/2012 0:00,19.9,2.7,166.8,28
10/9/2012 0:00,21.9,1.5,225,21
10/10/2012 0:00,21.4,2.6,123.3,47
10/11/2012 0:00,22.4,2.1,58.6,34
10/12/2012 0:00,22.5,2.6,190.7,34
10/13/2012 0:00,17.9,2.2,273.1,9
10/14/2012 0:00,18.7,2.2,120.3,14
10/15/2012 0:00,21,1.7,129.1,32
10/16/2012 0:00,21.4,2.5,236.3,11
10/17/2012 0:00,21,2.3,250.5,17
10/18/2012 0:00,21.4,1,290.2,25
10/19/2012 0:00,19.6,0.9,228.6,21
10/20/2012 0:00,21.3,1.5,242.7,22
10/21/2012 0:00,20.5,2.3,240.6,18
10/22/2012 0:00,19.6,2.1,221.8,13
10/23/2012 0:00,20.2,1,178,18
10/24/2012 0:00,20.3,2,257.2,24
10/25/2012 0:00,17.7,1.7,258.6,31
10/26/2012 0:00,12.7,5.1,106.8,48
10/27/2012 0:00,11.6,2.2,134.9,38
10/28/2012 0:00,13.6,0.5,192.4,41
10/29/2012 0:00,15.8,0.7,217.9,30
10/30/2012 0:00,16.9,1,278.3,26
10/31/2012 0:00,16.1,0.5,287.8,33
11/1/2012 0:00,16.1,0.5,43.9,65
11/2/2012 0:00,17.3,1.1,168.4,75
11/3/2012 0:00,18.4,1.1,287.1,46
11/4/2012 0:00,16.7,0.7,353.8,28
11/5/2012 0:00,15.9,0.5,239.5,30
11/6/2012 0:00,16.1,0.6,260,43
11/7/2012 0:00,17.1,1.1,174.6,62
11/8/2012 0:00,17.9,1.6,244.9,51
11/9/2012 0:00,18.3,1.8,233,25
11/10/2012 0:00,15.4,3.5,267.7,230
11/11/2012 0:00,7.8,3.4,294.9,19
11/12/2012 0:00,6.5,1.2,169.4,31
11/13/2012 0:00,9.5,1.1,144.2,42
11/14/2012 0:00,9.5,0.7,186.5,61
11/15/2012 0:00,12.2,0.9,311.4,60
11/16/2012 0:00,15.5,3.1,120.6,76
11/17/2012 0:00,14.6,2,117.9,93
11/18/2012 0:00,14.8,1.6,234.4,19
11/19/2012 0:00,13.1,0.6,274.2,13
11/20/2012 0:00,13.4,1.4,101.7,26
11/21/2012 0:00,16.6,2.4,122.2,45
11/22/2012 0:00,15.5,0.9,279.1,20
11/23/2012 0:00,12.7,4.4,99.1,55
11/24/2012 0:00,10.7,1.3,130.4,62
11/25/2012 0:00,12.8,1.1,245.3,37
11/26/2012 0:00,14.2,1.1,356.3,40
11/27/2012 0:00,11.3,3.3,124.9,99
11/28/2012 0:00,12.1,0.8,119.7,70
11/29/2012 0:00,13.6,1.2,241.6,37
11/30/2012 0:00,14,1.2,240,24
12/1/2012 0:00,13.9,1.3,239.6,17
12/2/2012 0:00,13.5,1.2,249.7,27
12/3/2012 0:00,14.7,2.2,273.5,21
12/4/2012 0:00,13,1.2,157.9,35
12/5/2012 0:00,11,0.6,320.2,42
12/6/2012 0:00,13.5,1,242.9,34
12/7/2012 0:00,14.1,1.8,264.1,23
12/8/2012 0:00,12.1,1.9,265.4,15
12/9/2012 0:00,11.2,3,287.4,151
12/10/2012 0:00,3.1,1.2,286.4,26
12/11/2012 0:00,3.9,1.3,272.7,33
12/12/2012 0:00,6.3,1,130.6,101
12/13/2012 0:00,9,1.5,114.6,91
12/14/2012 0:00,10.2,4.5,238.4,136
12/15/2012 0:00,6.2,1.9,238.5,7
12/16/2012 0:00,6.3,3.4,258,6
12/17/2012 0:00,6.5,2.8,232.7,9
12/18/2012 0:00,9.4,1.6,222.4,12
12/19/2012 0:00,7.9,4.4,256.7,365
12/20/2012 0:00,1.1,0.9,242,44
12/21/2012 0:00,4.2,1.1,112.1,55
12/22/2012 0:00,6.4,0.6,318.2,36
12/23/2012 0:00,8.5,1.3,265.4,30
12/24/2012 0:00,7.9,2,260.1,25
12/25/2012 0:00,7.5,3.4,328.6,10
12/26/2012 0:00,5.3,3.9,129.2,59
12/27/2012 0:00,6,2.6,272.9,20
12/28/2012 0:00,3.2,2.1,268.1,8
12/29/2012 0:00,3.5,2.1,124.4,28
12/30/2012 0:00,7,3.8,128.4,37
12/31/2012 0:00,4.4,3.3,261.4,4
1/1/2013 0:00,1.4,1.4,233.1,6
1/2/2013 0:00,1.4,1,267.1,18
1/3/2013 0:00,0.9,4.2,94.8,10
1/4/2013 0:00,-0.7,2.2,116.6,4
1/5/2013 0:00,-3.2,1,298,6
1/6/2013 0:00,-0.1,1.7,89.2,16
1/7/2013 0:00,7.9,3.2,103.3,10
1/8/2013 0:00,8,1.5,278,12
1/9/2013 0:00,8.3,1.6,283.4,17
1/10/2013 0:00,7.4,1.4,208.4,23
1/11/2013 0:00,7.6,3.2,260.6,30
1/12/2013 0:00,0.6,3,273.1,13
1/13/2013 0:00,-1.2,1.3,150,23
1/14/2013 0:00,0.2,3,173.1,16
1/15/2013 0:00,-2.2,1.9,304,17
1/16/2013 0:00,-0.2,1.6,275.2,11
1/17/2013 0:00,4.5,2.2,114.5,40
1/18/2013 0:00,7.2,1.4,149.2,20
1/19/2013 0:00,6.4,0.9,292.4,28
1/20/2013 0:00,7.3,0.6,284.7,17
1/21/2013 0:00,8.7,0.8,306.7,35
1/22/2013 0:00,9.4,1,280.2,20
1/23/2013 0:00,10,0.7,279.5,30
1/24/2013 0:00,12.2,1.3,290.4,30
1/25/2013 0:00,13.4,1.4,165.7,41
1/26/2013 0:00,13.3,1.2,185.8,25
1/27/2013 0:00,12.6,1.8,238.6,5
1/28/2013 0:00,11.8,3,234.6,42
1/29/2013 0:00,4.1,5.6,276.6,164
1/30/2013 0:00,3.7,2.4,275.8,6
1/31/2013 0:00,5.5,1.3,271.6,14
2/1/2013 0:00,7.4,0.9,269.2,14
2/2/2013 0:00,9.2,1.2,253.4,26
2/3/2013 0:00,11.3,1.9,139.3,28
2/4/2013 0:00,12,1.1,297.2,11
2/5/2013 0:00,11.4,1.2,255.9,12
2/6/2013 0:00,11.8,2.3,259.7,16
2/7/2013 0:00,11.3,1.5,260.3,21
2/8/2013 0:00,13.2,4.2,147.5,86
2/9/2013 0:00,10.2,4.3,251.5,211
2/10/2013 0:00,5.1,1.8,260.2,8
2/11/2013 0:00,6.5,1.7,291.4,26
2/12/2013 0:00,4.2,2.8,282.3,10
2/13/2013 0:00,4.4,1.7,254.9,11
2/14/2013 0:00,6.7,1.3,275.6,18
2/15/2013 0:00,7.5,2.2,164.4,32
2/16/2013 0:00,7.1,0.7,235.8,27
2/17/2013 0:00,9.5,1.8,214.6,26
2/18/2013 0:00,12,2.6,250.6,25
2/19/2013 0:00,9.6,3.4,144.8,36
2/20/2013 0:00,8.2,4.7,237.7,428
2/21/2013 0:00,3.8,3.8,266.1,10
2/22/2013 0:00,5.8,2.9,253.4,9
2/23/2013 0:00,7.3,2,220.2,8
2/24/2013 0:00,6.9,4.9,253.6,562
2/25/2013 0:00,3.5,2.1,273.8,7
2/26/2013 0:00,8.4,3,258.4,53
2/27/2013 0:00,6.1,1.6,183.6,41
2/28/2013 0:00,6.7,1.5,194.2,17
3/1/2013 0:00,8.6,1.2,235.8,18
3/2/2013 0:00,11.8,1,217.5,18
3/3/2013 0:00,15.6,2.7,267,32
3/4/2013 0:00,17.4,4.3,254.4,230
3/5/2013 0:00,11.6,4.9,117.6,136
3/6/2013 0:00,15.9,3.6,123.6,64
3/7/2013 0:00,17.9,2.6,196.2,47
3/8/2013 0:00,15.9,3.1,225.9,87
3/9/2013 0:00,8.7,5,291.2,37
3/10/2013 0:00,7.1,1.7,222.8,8
3/11/2013 0:00,10.5,2.2,237.5,11
3/12/2013 0:00,13.9,2.1,107.7,31
3/13/2013 0:00,16,3.4,127.2,61
3/14/2013 0:00,17,0.9,128.6,47
3/15/2013 0:00,18.6,1.6,222.5,29
3/16/2013 0:00,,,,
3/17/2013 0:00,,,,
3/18/2013 0:00,,,,
3/19/2013 0:00,,,,
3/20/2013 0:00,16.1,3.4,118.7,69
3/21/2013 0:00,18.3,3.1,268.9,37
3/22/2013 0:00,18.8,4.5,237.5,51
3/23/2013 0:00,16.2,5,262.1,175
3/24/2013 0:00,9.4,2.9,139.3,105
3/25/2013 0:00,9.9,4.4,114.1,65
3/26/2013 0:00,13.1,4,116,59
3/27/2013 0:00,17.3,2.2,185.4,45
3/28/2013 0:00,20,2.3,228.7,22
3/29/2013 0:00,20.4,1.5,275,14
3/30/2013 0:00,20,1.6,289.3,22
3/31/2013 0:00,19.7,1.6,252.2,17
4/1/2013 0:00,20.6,2,236.9,20
4/2/2013 0:00,19.4,2.5,274.6,29
4/3/2013 0:00,15.1,2.5,118,45
4/4/2013 0:00,18.4,1.8,149.6,29
4/5/2013 0:00,21.6,3.7,189,54
4/6/2013 0:00,20.3,2.7,254.6,23
4/7/2013 0:00,20.6,2.8,247.8,21
4/8/2013 0:00,21.2,4.4,226.1,314
4/9/2013 0:00,13.9,4.6,261.8,302
4/10/2013 0:00,11.8,3.1,251.7,26
4/11/2013 0:00,14.2,2.2,248.3,15
4/12/2013 0:00,19,1.2,190.6,30
4/13/2013 0:00,20.5,2.3,289.2,25
4/14/2013 0:00,20.5,4.3,242.6,43
4/15/2013 0:00,21.1,4.1,235.3,79
4/16/2013 0:00,21.6,3,232.3,95
4/17/2013 0:00,18.5,5.1,239.8,502
4/18/2013 0:00,12,2.5,305.5,20
4/19/2013 0:00,12.4,1.3,209.5,42
4/20/2013 0:00,16.7,2.4,266.7,40
4/21/2013 0:00,19.6,1.7,238.6,18
4/22/2013 0:00,22.6,2.7,227.8,29
4/23/2013 0:00,21.8,3.5,237.3,109
4/24/2013 0:00,14.9,4.5,107.2,104
4/25/2013 0:00,20.4,4.4,143.1,115
4/26/2013 0:00,20.3,1.7,264.7,19
4/27/2013 0:00,21.6,2.1,120.6,56
4/28/2013 0:00,22.5,1.1,111.9,34
4/29/2013 0:00,23.6,1.7,227.3,32
4/30/2013 0:00,24.9,2.8,253,45
5/1/2013 0:00,24.1,2.3,256.3,25
5/2/2013 0:00,13.3,5.4,92.8,246
5/3/2013 0:00,12.5,3.5,111.8,67
5/4/2013 0:00,19.3,2.2,110.9,56
5/5/2013 0:00,22.1,4,111.8,58
5/6/2013 0:00,22,3.2,239,52
5/7/2013 0:00,21.1,3.1,232.2,37
5/8/2013 0:00,20.8,3,256.8,18
5/9/2013 0:00,20.6,1.6,269.7,23
5/10/2013 0:00,18.8,2.9,92.8,77
5/11/2013 0:00,16.9,2.7,84.7,23
5/12/2013 0:00,19.8,2.5,106,20
5/13/2013 0:00,21.1,2.8,123.8,29
5/14/2013 0:00,22.3,1.7,177.2,35
5/15/2013 0:00,25.8,3.3,262.4,56
5/16/2013 0:00,25.9,2.4,266,29
5/17/2013 0:00,25.8,1.6,250,33
5/18/2013 0:00,24.7,3.2,244.8,41
5/19/2013 0:00,23.9,3.5,250.9,23
5/20/2013 0:00,24.4,3.3,269.7,45
5/21/2013 0:00,22.7,1.8,276.7,25
5/22/2013 0:00,25.8,1.7,220.6,24
5/23/2013 0:00,27.1,2.3,196.4,109
5/24/2013 0:00,26.1,2.5,146.5,66
5/25/2013 0:00,27.8,2.4,189,29
5/26/2013 0:00,27.3,2.2,238.4,26
5/27/2013 0:00,26.4,1.6,258.7,25
5/28/2013 0:00,26.5,3.2,240.7,55
5/29/2013 0:00,25.1,4.3,247.2,50
5/30/2013 0:00,26.1,3.1,239.6,30
5/31/2013 0:00,28.1,3.1,258,30
6/1/2013 0:00,29,2.5,69.6,79
6/2/2013 0:00,26,5.8,105.2,144
6/3/2013 0:00,27.2,3,186.3,39
6/4/2013 0:00,29.1,2.5,250.4,67
6/5/2013 0:00,29.1,1.8,245.4,37
6/6/2013 0:00,27.3,4.1,107.1,246
6/7/2013 0:00,25.8,4.2,108.9,89
6/8/2013 0:00,28.5,2.4,209.6,126
6/9/2013 0:00,30.3,2.2,135.4,73
6/10/2013 0:00,31.5,2.7,115.6,32
6/11/2013 0:00,31.8,2.2,122,69
6/12/2013 0:00,32,3,114.8,37
6/13/2013 0:00,29.2,4.1,104.2,63
6/14/2013 0:00,26.5,2.4,102.3,37
6/15/2013 0:00,29,1.8,133.9,46
6/16/2013 0:00,30.5,1.6,269.7,49
6/17/2013 0:00,30.2,2.3,150,82
6/18/2013 0:00,29.1,3.6,117.3,56
6/19/2013 0:00,32.3,3.1,186.5,99
6/20/2013 0:00,31,3,170.1,118
6/21/2013 0:00,30.2,2.3,156.8,57
6/22/2013 0:00,31.4,2.5,237.2,48
6/23/2013 0:00,31.5,3.6,220.4,42
6/24/2013 0:00,30.6,2.3,248.3,86
6/25/2013 0:00,30.6,2.3,264.9,26
6/26/2013 0:00,30.5,2,295.5,30
6/27/2013 0:00,32.2,1.7,235.3,51
6/28/2013 0:00,31.6,2.7,124.8,62
6/29/2013 0:00,31.3,1.8,132,109
6/30/2013 0:00,30.7,3.6,100.4,99
7/1/2013 0:00,23.3,3.9,104.5,15
7/2/2013 0:00,24.7,2.3,100,18
7/3/2013 0:00,26.8,1.7,73.6,28
7/4/2013 0:00,27.7,1.4,125,44
7/5/2013 0:00,29.2,1.7,228.5,116
7/6/2013 0:00,30.5,1.4,244.6,74
7/7/2013 0:00,32.1,3.1,97,34
7/8/2013 0:00,30.4,3.3,94,25
7/9/2013 0:00,30.6,3.3,103.2,33
7/10/2013 0:00,30.1,2.6,120.8,32
7/11/2013 0:00,30,2.2,118.8,40
7/12/2013 0:00,29.1,1.7,339.1,53
7/13/2013 0:00,29.7,2,122.8,19
7/14/2013 0:00,30.3,2.2,157.2,37
7/15/2013 0:00,24,4.1,95.7,96
7/16/2013 0:00,23.7,2.9,109.1,13
7/17/2013 0:00,22.3,4.4,89.6,18
7/18/2013 0:00,20,1.9,84.3,8
7/19/2013 0:00,22.7,2.3,112.1,52
7/20/2013 0:00,25.2,2,126.4,22
7/21/2013 0:00,26,1.5,87.7,21
7/22/2013 0:00,25.6,2.4,238.9,22
7/23/2013 0:00,24.4,1.8,232.7,14
7/24/2013 0:00,24.7,1.4,267.6,19
7/25/2013 0:00,24.4,1.7,137.1,27
7/26/2013 0:00,25.7,1.6,306.9,31
7/27/2013 0:00,24.2,2.1,115.7,16
7/28/2013 0:00,23.9,1.3,250.3,20
7/29/2013 0:00,27.9,1.7,269.5,20
7/30/2013 0:00,28.8,2.4,178.7,30
7/31/2013 0:00,29.8,1.5,103.5,37
8/1/2013 0:00,29,2.1,126.4,26
8/2/2013 0:00,29.1,1.7,259.6,21
8/3/2013 0:00,29.4,1.6,291.9,24
8/4/2013 0:00,30.4,1.7,210.4,35
8/5/2013 0:00,28.5,2.3,267.1,26
8/6/2013 0:00,27,2.4,242.4,15
8/7/2013 0:00,26.3,2.4,253.7,16
8/8/2013 0:00,27.3,1.7,275.1,22
8/9/2013 0:00,28.9,1.7,114.2,39
8/10/2013 0:00,26.6,3.4,88.4,45
8/11/2013 0:00,25.9,2.5,67.9,27
8/12/2013 0:00,29.3,2.2,95.7,26
8/13/2013 0:00,28.4,2.5,9.7,22
8/14/2013 0:00,27.8,2.9,125.3,57
8/15/2013 0:00,25.6,1.5,276.8,16
8/16/2013 0:00,27.6,0.9,274.7,25
8/17/2013 0:00,29.4,1.3,131.4,35
8/18/2013 0:00,29.6,1.7,106.8,29
8/19/2013 0:00,28,1.8,107.4,37
8/20/2013 0:00,27.8,1.2,342.8,36
8/21/2013 0:00,27.8,2.6,125.6,24
8/22/2013 0:00,27.8,2.8,108,39
8/23/2013 0:00,26.3,3.4,117.2,60
8/24/2013 0:00,26.2,3.3,126.3,29
8/25/2013 0:00,27.5,3.1,121.9,21
8/26/2013 0:00,27.9,3.8,110.4,26
8/27/2013 0:00,25.5,2.6,114.6,34
8/28/2013 0:00,22.5,1.5,82.2,18
8/29/2013 0:00,22,1.2,73.7,15
8/30/2013 0:00,24.6,0.9,254.7,14
8/31/2013 0:00,27.7,1.1,267.2,9
9/1/2013 0:00,29.3,1.5,90.3,19
9/2/2013 0:00,28.3,2.6,107.4,29
9/3/2013 0:00,27.8,2.4,89.3,19
9/4/2013 0:00,27.8,2.8,120.2,29
9/5/2013 0:00,28.8,3.3,99.4,25
9/6/2013 0:00,28.5,2.6,116,30
9/7/2013 0:00,28.4,3.1,105.6,22
9/8/2013 0:00,28,3.4,107.5,22
9/9/2013 0:00,24.8,3.5,124.5,26
9/10/2013 0:00,20.5,2.1,118.7,11
9/11/2013 0:00,21.4,1.9,113.7,8
9/12/2013 0:00,20.1,2.7,99.4,4
9/13/2013 0:00,21.2,2.5,113.9,13
9/14/2013 0:00,23.7,2.7,121.9,24
9/15/2013 0:00,24.2,2.7,118.8,24
9/16/2013 0:00,24.3,2.8,89.7,16
9/17/2013 0:00,24.1,2.9,116.6,22
9/18/2013 0:00,24.3,2.6,122.5,24
9/19/2013 0:00,23.5,2.6,114.8,23
9/20/2013 0:00,22.8,2.8,103.7,18
9/21/2013 0:00,21.1,2.6,120.7,31
9/22/2013 0:00,23.2,3.1,146.8,19
9/23/2013 0:00,22.8,2,265.7,30
9/24/2013 0:00,21.2,1,200.4,37
9/25/2013 0:00,24.4,2.7,161.4,38
9/26/2013 0:00,25.1,1.9,227,19
9/27/2013 0:00,24,2.7,241.4,24
9/28/2013 0:00,18.6,1.8,310.7,28
9/29/2013 0:00,18.3,0.9,320.6,26
9/30/2013 0:00,21.5,1.7,261.2,17
10/1/2013 0:00,22,1.7,264.6,17
10/2/2013 0:00,22,1.7,253.2,21
10/3/2013 0:00,22.1,2.3,225.4,18
10/4/2013 0:00,21.5,2.3,254.9,20
10/5/2013 0:00,16.5,1.7,316.7,24
10/6/2013 0:00,15.3,0.6,299.1,22
10/7/2013 0:00,17.5,1.5,113.5,44
10/8/2013 0:00,20.1,2,163,40
10/9/2013 0:00,21.8,2.2,191.3,27
10/10/2013 0:00,21.9,4.7,219.3,94
10/11/2013 0:00,16.8,1.3,246.1,19
10/12/2013 0:00,18.4,1.8,109.8,40
10/13/2013 0:00,21.7,2.6,142.8,29
10/14/2013 0:00,21.3,2.7,227.1,10
10/15/2013 0:00,18.1,3.3,143,32
10/16/2013 0:00,16.7,2.8,161.4,24
10/17/2013 0:00,14.6,1,253.1,23
10/18/2013 0:00,16,1.5,303,44
10/19/2013 0:00,13.6,2.6,133.2,66
10/20/2013 0:00,15.4,1.2,249.4,35
10/21/2013 0:00,15.2,2.9,114.2,32
10/22/2013 0:00,15.5,1.8,108.3,35
10/23/2013 0:00,17,1.6,111.6,38
10/24/2013 0:00,20,2.6,112.8,45
10/25/2013 0:00,20.3,3.2,115.3,44
10/26/2013 0:00,17.1,1.3,355.2,17
10/27/2013 0:00,17.5,2.1,118,36
10/28/2013 0:00,19.5,2.2,212.2,22
10/29/2013 0:00,18.7,1.1,199.2,27
10/30/2013 0:00,16.3,2.8,225.4,45
10/31/2013 0:00,12.5,2.2,284,7
11/1/2013 0:00,12.4,1.5,301.8,19
11/2/2013 0:00,13.4,1.8,106.8,40
11/3/2013 0:00,16.7,2,159,26
11/4/2013 0:00,16.6,2,136.5,24
11/5/2013 0:00,15.3,2.2,241.9,7
11/6/2013 0:00,10.7,1.2,298.6,12
11/7/2013 0:00,10.8,2,116.5,31
11/8/2013 0:00,14.2,1.5,141.4,30
11/9/2013 0:00,14.3,1,246.4,30
11/10/2013 0:00,14.6,0.9,113.4,49
11/11/2013 0:00,16.5,1.4,114.5,31
11/12/2013 0:00,11.8,5.9,101.1,109
11/13/2013 0:00,10.1,3.6,113.6,17
11/14/2013 0:00,13.6,1.9,198.7,12
11/15/2013 0:00,14.8,3.4,170.3,35
11/16/2013 0:00,17.4,4.1,211.7,24
11/17/2013 0:00,14.6,2.2,270.3,10
11/18/2013 0:00,14.9,1,142.1,26
11/19/2013 0:00,14.6,0.9,258.8,19
11/20/2013 0:00,15.8,1.7,235.3,12
11/21/2013 0:00,16.3,1.5,199.7,33
11/22/2013 0:00,5.6,7.6,105.7,155
11/23/2013 0:00,1.7,6.5,100.3,10
11/24/2013 0:00,-0.4,3.4,108.6,9
11/25/2013 0:00,2.3,1.7,291.3,5
11/26/2013 0:00,4.4,1.1,154.6,18
11/27/2013 0:00,5.1,2.1,119.3,15
11/28/2013 0:00,5.9,0.9,113.4,23
11/29/2013 0:00,8.4,0.6,91.8,31
11/30/2013 0:00,9.8,0.3,5.8,26
12/1/2013 0:00,10.2,0.4,280.1,20
12/2/2013 0:00,10.1,1.2,278.7,8
12/3/2013 0:00,13.7,2.2,257.5,13
12/4/2013 0:00,15.3,4.6,237.4,107
12/5/2013 0:00,9.6,2.4,233.9,4
12/6/2013 0:00,5.3,2.2,266.8,11
12/7/2013 0:00,1.7,5.6,116.1,11
12/8/2013 0:00,5.2,1.9,271.7,10
12/9/2013 0:00,5.3,2,287.7,16
12/10/2013 0:00,0.9,1,305.5,17
12/11/2013 0:00,4.2,2.2,12.4,24
12/12/2013 0:00,5.2,2,100.5,18
12/13/2013 0:00,6.7,2.6,243,9
12/14/2013 0:00,6.5,1.4,125.2,23
12/15/2013 0:00,5.1,0.9,286.3,11
12/16/2013 0:00,6.6,1,291.5,11
12/17/2013 0:00,8.4,0.6,254.4,16
12/18/2013 0:00,7.8,0.5,276.7,24
12/19/2013 0:00,11.4,1.5,247.1,29
12/20/2013 0:00,10.1,3,183.8,19
12/21/2013 0:00,5,6.1,238,8
12/22/2013 0:00,5.8,1.6,273,6
12/23/2013 0:00,3.9,0.6,194,22
12/24/2013 0:00,4.4,0.6,297.6,23
12/25/2013 0:00,5.4,2.2,109.7,24
12/26/2013 0:00,4,0.9,103.3,28
12/27/2013 0:00,3.9,1.1,181.7,38
12/28/2013 0:00,4.5,0.9,265.9,22
12/29/2013 0:00,6.3,3.1,95.3,26
12/30/2013 0:00,4.7,1.3,25,30
12/31/2013 0:00,6,1.2,196.9,18
1/1/2014 0:00,7,0.9,294.9,22
1/2/2014 0:00,7.7,3.3,118.3,43
1/3/2014 0:00,6.6,0.9,74.4,25
1/4/2014 0:00,10.7,2.4,270.9,16
1/5/2014 0:00,6.1,1.4,214.5,26
1/6/2014 0:00,2,2.2,128,41
1/7/2014 0:00,3,0.8,121,25
1/8/2014 0:00,9.7,1.8,258.5,17
1/9/2014 0:00,9,1.6,242.5,20
1/10/2014 0:00,10.3,3.2,244.3,13
1/11/2014 0:00,9.4,1.1,237.3,12
1/12/2014 0:00,11.9,3.1,270.4,15
1/13/2014 0:00,8.6,1.6,285.1,16
1/14/2014 0:00,7.1,1,251.1,26
1/15/2014 0:00,7,1.2,354.1,32
1/16/2014 0:00,,,,21
1/17/2014 0:00,,,,39
1/18/2014 0:00,,,,43
1/19/2014 0:00,9,,,34
1/20/2014 0:00,9.9,,,28
1/21/2014 0:00,10.6,,,33
1/22/2014 0:00,9.7,,,75
1/23/2014 0:00,,,,97
1/24/2014 0:00,,,,
1/25/2014 0:00,,,,35
1/26/2014 0:00,,,,29
1/27/2014 0:00,,,,25
1/28/2014 0:00,,,,148
1/29/2014 0:00,,,,71
1/30/2014 0:00,,,,32
1/31/2014 0:00,15.2,4.5,222.2,93
2/1/2014 0:00,13,3.1,271.8,16
2/2/2014 0:00,8.6,2.4,177.5,16
2/3/2014 0:00,8.4,4,138.5,28
2/4/2014 0:00,6.2,3.6,267.3,14
2/5/2014 0:00,2.3,4.8,128,63
2/6/2014 0:00,0.2,4.4,108.3,22
2/7/2014 0:00,8,2.6,239,15
2/8/2014 0:00,10.3,1.7,279.9,9
2/9/2014 0:00,14.9,3.5,248.2,12
2/10/2014 0:00,15.7,2.8,262.4,14
2/11/2014 0:00,7.5,4.1,137.2,59
2/12/2014 0:00,9.4,1.6,156.6,27
2/13/2014 0:00,14.5,1.8,269.5,17
2/14/2014 0:00,17.8,2.3,249.1,16
2/15/2014 0:00,18.2,1.8,241.2,14
2/16/2014 0:00,18.5,2.3,277.8,12
2/17/2014 0:00,16.9,1.3,164.4,40
2/18/2014 0:00,16.1,1.3,255.7,39
2/19/2014 0:00,16.2,2.2,253.4,24
2/20/2014 0:00,13.7,2.6,285.2,55
2/21/2014 0:00,11,1.6,276.1,32
2/22/2014 0:00,14.8,1.5,268.8,27
2/23/2014 0:00,16.9,2.1,240.5,24
2/24/2014 0:00,17.7,1.3,238.8,22
2/25/2014 0:00,16.8,2.5,231.3,35
2/26/2014 0:00,14.5,3.5,156.4,54
2/27/2014 0:00,,,,
2/28/2014 0:00,17.5,3,261,17
3/1/2014 0:00,16.8,3.8,244.6,45
3/2/2014 0:00,11.7,2.9,263.5,4
3/3/2014 0:00,10.6,2.9,127,26
3/4/2014 0:00,11.3,1.2,181.9,30
3/5/2014 0:00,13.9,1.9,282.7,16
3/6/2014 0:00,14.6,2.3,151,44
3/7/2014 0:00,17.2,2.4,260.7,18
3/8/2014 0:00,12.6,3.7,57.6,26
3/9/2014 0:00,10.5,2.9,88.6,12
3/10/2014 0:00,13.2,2.7,241.1,14
3/11/2014 0:00,16,4.4,250.8,17
3/12/2014 0:00,9.9,5.4,102.5,181
3/13/2014 0:00,12.3,2.7,114.6,89
3/14/2014 0:00,15.8,2.1,254.7,64
3/15/2014 0:00,12.9,3.5,292.7,61
3/16/2014 0:00,10.3,2,259.7,42
3/17/2014 0:00,14.7,2.8,237.8,38
3/18/2014 0:00,16.9,3,249.8,39
3/19/2014 0:00,13.7,3.4,121.7,377
3/20/2014 0:00,16.5,1.9,160.9,195
3/21/2014 0:00,19.3,3.3,236.9,34
3/22/2014 0:00,18,2.4,227.4,37
3/23/2014 0:00,13.7,3.8,119.5,79
3/24/2014 0:00,15.9,1.3,68.1,43
3/25/2014 0:00,15.7,5.3,106.7,107
3/26/2014 0:00,17,4.1,221.6,54
3/27/2014 0:00,17.8,3.7,266.7,69
3/28/2014 0:00,15.9,2.7,264.4,13
3/29/2014 0:00,17,2.1,127,48
3/30/2014 0:00,20.5,3.5,193.6,39
3/31/2014 0:00,18.3,2.6,244.9,23
4/1/2014 0:00,19.5,3,223.9,44
4/2/2014 0:00,18.9,4.7,228.7,244
4/3/2014 0:00,13,3.1,289.3,31
4/4/2014 0:00,14.8,3.9,119,70
4/5/2014 0:00,16.3,3.7,227,38
4/6/2014 0:00,14.8,2.7,282,26
4/7/2014 0:00,15.9,2.8,303.7,41
4/8/2014 0:00,17.2,1.9,149.4,46
4/9/2014 0:00,20,1.1,191.8,36
4/10/2014 0:00,21.9,2.1,291.1,20
4/11/2014 0:00,21.4,1.8,219.6,27
4/12/2014 0:00,21.6,5.1,200.7,191
4/13/2014 0:00,19.4,3.8,246.9,22
4/14/2014 0:00,12.8,4.2,114.4,72
4/15/2014 0:00,13.1,3.1,112.2,40
4/16/2014 0:00,19.3,2.1,231.7,69
4/17/2014 0:00,19.7,2.3,97.9,45
4/18/2014 0:00,20.7,4.2,119,66
4/19/2014 0:00,17.4,3.2,118.7,20
4/20/2014 0:00,17.4,1.3,243.5,10
4/21/2014 0:00,21.1,0.9,162,19
4/22/2014 0:00,24.7,4,142.5,41
4/23/2014 0:00,23.2,4.1,241.9,57
4/24/2014 0:00,20.2,1.3,267,32
4/25/2014 0:00,22.9,2.5,216.2,32
4/26/2014 0:00,20.9,4.9,231.9,529
4/27/2014 0:00,15.8,4.9,280.6,85
4/28/2014 0:00,19.2,4.7,271.1,40
4/29/2014 0:00,15.5,2.4,1.5,36
4/30/2014 0:00,14.7,6.6,91.5,258
5/1/2014 0:00,14.7,4.7,103.1,84
5/2/2014 0:00,16.6,1.4,201.9,40
5/3/2014 0:00,21,1.3,224.1,32
5/4/2014 0:00,23.4,1.7,253.3,67
5/5/2014 0:00,24.2,2.6,252.2,50
5/6/2014 0:00,22.9,4.5,234.6,180
5/7/2014 0:00,20.7,4.1,243.5,232
5/8/2014 0:00,17.2,2.6,283.6,24
5/9/2014 0:00,19.7,1.9,243.3,26
5/10/2014 0:00,22.9,2.8,240.3,32
5/11/2014 0:00,24.2,4.7,243.5,230
5/12/2014 0:00,18.7,1.9,292.7,32
5/13/2014 0:00,14.5,4.1,92.3,100
5/14/2014 0:00,15.3,2.5,120.8,19
5/15/2014 0:00,19,1.6,156.9,35
5/16/2014 0:00,23.2,1.8,272.2,28
5/17/2014 0:00,26.1,1.9,227.6,25
5/18/2014 0:00,26.9,2.5,245.1,31
5/19/2014 0:00,26.1,3,273.6,62
5/20/2014 0:00,24.7,2,247.6,33
5/21/2014 0:00,25.6,1.8,252.3,42
5/22/2014 0:00,24.5,2.4,242.3,47
5/23/2014 0:00,24,2,292.8,36
5/24/2014 0:00,22.5,2.5,263.5,26
5/25/2014 0:00,21.1,1.6,286.4,29
5/26/2014 0:00,22.8,2,315.9,31
5/27/2014 0:00,26.4,1.5,356.6,24
5/28/2014 0:00,28.8,3.7,130.1,35
5/29/2014 0:00,27.9,3,137.1,31
5/30/2014 0:00,28,1.9,160.5,38
5/31/2014 0:00,30.2,2.1,169.1,26
6/1/2014 0:00,30.7,2,263.1,19
6/2/2014 0:00,31,1.1,257.1,30
6/3/2014 0:00,33.2,2.6,182.9,59
6/4/2014 0:00,32.6,1.6,276,34
6/5/2014 0:00,31.3,1.3,298.4,36
6/6/2014 0:00,31.5,1.7,276.5,30
6/7/2014 0:00,30.4,1.6,253.2,48
6/8/2014 0:00,29.1,2.3,238,73
6/9/2014 0:00,28.2,1.9,21.3,51
6/10/2014 0:00,28.7,3,116.4,46
6/11/2014 0:00,31.1,2.7,293.3,46
6/12/2014 0:00,30.7,2.6,291.5,43
6/13/2014 0:00,28.6,3.8,172,
6/14/2014 0:00,29.7,4.4,231.1,50
6/15/2014 0:00,29.5,2.7,263.7,27
6/16/2014 0:00,29.9,2.1,269.6,36
6/17/2014 0:00,29.3,2.9,258,76
6/18/2014 0:00,27.7,2.1,252.5,40
6/19/2014 0:00,28,1.8,278.1,86
6/20/2014 0:00,27.7,3.3,135.5,43
6/21/2014 0:00,28.9,2.4,109.1,34
6/22/2014 0:00,31,2.4,290,23
6/23/2014 0:00,30.2,1.9,304.3,68
6/24/2014 0:00,29.4,2.4,207.8,42
6/25/2014 0:00,30.9,3,222.6,65
6/26/2014 0:00,31.2,3.3,244,44
6/27/2014 0:00,30.5,3.7,254.3,52
6/28/2014 0:00,30.1,2.8,267.7,30
6/29/2014 0:00,31.4,2.2,269,19
6/30/2014 0:00,32.5,2.9,259,37
7/1/2014 0:00,28.9,3.2,82.6,122
7/2/2014 0:00,25.9,3.1,95.3,24
7/3/2014 0:00,26.8,3.4,118.8,28
7/4/2014 0:00,28.5,2.6,115.1,28
7/5/2014 0:00,29.7,1.9,156.6,40
7/6/2014 0:00,27.8,2.3,24.6,25
7/7/2014 0:00,26,1.7,164.8,17
7/8/2014 0:00,28.9,2.2,146.7,34
7/9/2014 0:00,29.3,2.5,127.2,33
7/10/2014 0:00,29.7,2.6,111,33
7/11/2014 0:00,29,3.1,112.4,33
7/12/2014 0:00,26.9,3.4,120.8,32
7/13/2014 0:00,27.8,1.8,123,29
7/14/2014 0:00,27.5,1.8,2.3,31
7/15/2014 0:00,27,1.8,67,27
7/16/2014 0:00,25.4,3.1,209.6,26
7/17/2014 0:00,27,2.5,185.6,16
7/18/2014 0:00,28.4,1.8,204.7,23
7/19/2014 0:00,30.7,3.4,230.1,23
7/20/2014 0:00,30.5,2.9,247.2,86
7/21/2014 0:00,29.3,1.9,303,18
7/22/2014 0:00,29,1.8,192.9,49
7/23/2014 0:00,28.5,3,120.2,17
7/24/2014 0:00,29.9,2.7,137.2,39
7/25/2014 0:00,30.8,2.1,158.6,37
7/26/2014 0:00,31.7,2,161.2,49
7/27/2014 0:00,30.2,2.6,175.9,43
7/28/2014 0:00,27.2,1.8,72.7,28
7/29/2014 0:00,25.4,1.3,198.3,26
7/30/2014 0:00,29,1.4,339.8,18
7/31/2014 0:00,26.4,2.9,118.5,21
8/1/2014 0:00,21.2,2,113.1,7
8/2/2014 0:00,22.4,3.9,100.8,8
8/3/2014 0:00,25.1,2.5,123.8,18
8/4/2014 0:00,24.8,2.6,118.5,24
8/5/2014 0:00,25.3,1.4,192,22
8/6/2014 0:00,27.5,1.6,192.2,20
8/7/2014 0:00,25.6,2.2,277.4,22
8/8/2014 0:00,25.2,1.2,325.3,21
8/9/2014 0:00,24.6,1.2,108,25
8/10/2014 0:00,25.2,2,18.6,15
8/11/2014 0:00,26.2,4.4,106.2,29
8/12/2014 0:00,25.8,3.4,116.6,21
8/13/2014 0:00,26.3,2.1,141.2,35
8/14/2014 0:00,24.6,1.8,316.6,25
8/15/2014 0:00,25.9,1.6,314.1,8
8/16/2014 0:00,27.2,1.6,295.5,15
8/17/2014 0:00,26.1,1.6,251.2,18
8/18/2014 0:00,26.6,2.1,154.2,28
8/19/2014 0:00,24.4,2.5,258.8,24
8/20/2014 0:00,24.9,2,279.3,7
8/21/2014 0:00,26.3,2,243.6,25
8/22/2014 0:00,21.4,1.4,205.2,13
8/23/2014 0:00,24.6,1.4,223.2,8
8/24/2014 0:00,26.7,1.4,215.3,20
8/25/2014 0:00,24.2,2.5,184.9,20
8/26/2014 0:00,25.5,2.4,184.4,25
8/27/2014 0:00,24.6,1.1,144.3,16
8/28/2014 0:00,25.7,1.3,325.6,11
8/29/2014 0:00,26.5,1.4,181.9,22
8/30/2014 0:00,29,1.9,158.3,34
8/31/2014 0:00,29.5,1.8,227.7,27
9/1/2014 0:00,29,1.9,272,18
9/2/2014 0:00,29.4,1.2,269.2,25
9/3/2014 0:00,29.2,1.7,145.3,42
9/4/2014 0:00,27.3,3.4,128.4,33
9/5/2014 0:00,22.3,1.7,93,14
9/6/2014 0:00,23.6,3.6,101.4,8
9/7/2014 0:00,20.7,3.1,107.8,7
9/8/2014 0:00,24.3,2.2,158,18
9/9/2014 0:00,25.6,2.8,259.6,8
9/10/2014 0:00,25.4,1.3,258.9,12
9/11/2014 0:00,23.7,2,151.4,31
9/12/2014 0:00,20.1,4.6,116.5,19
9/13/2014 0:00,17.5,4.6,111.3,8
9/14/2014 0:00,20.8,4.1,116.7,8
9/15/2014 0:00,21.8,2.8,123.2,16
9/16/2014 0:00,22.1,2.3,90.5,9
9/17/2014 0:00,22.7,2.3,102.9,19
9/18/2014 0:00,19.5,1.5,125.5,9
9/19/2014 0:00,22.3,1,309.3,7
9/20/2014 0:00,24.6,1.1,117,19
9/21/2014 0:00,25,2.6,103.1,14
9/22/2014 0:00,21.5,2.8,120.3,15
9/23/2014 0:00,23,2,133.3,38
9/24/2014 0:00,23.1,1.6,126,38
9/25/2014 0:00,22.3,3.3,118.5,22
9/26/2014 0:00,21.3,2.6,129.5,30
9/27/2014 0:00,20.6,2.4,131.6,33
9/28/2014 0:00,22.9,2.4,138.7,26
9/29/2014 0:00,24.3,2.8,184.3,24
9/30/2014 0:00,23.1,2.1,276.2,15
10/1/2014 0:00,21.2,1.6,281.5,14
10/2/2014 0:00,19.7,1.2,326.2,27
10/3/2014 0:00,19.1,0.9,335.7,34
10/4/2014 0:00,21.1,1.5,314.9,28
10/5/2014 0:00,21.8,1.4,287.3,16
10/6/2014 0:00,20.4,1.3,273.6,20
10/7/2014 0:00,21.6,1.6,273.6,18
10/8/2014 0:00,23.1,1.1,260.7,24
10/9/2014 0:00,22.1,2.1,268.4,12
10/10/2014 0:00,19.4,1.6,297.5,11
10/11/2014 0:00,18.3,1.6,144.6,29
10/12/2014 0:00,20.3,3.4,280.7,50
10/13/2014 0:00,16.7,1.5,252.2,43
10/14/2014 0:00,16.9,1.4,137.8,44
10/15/2014 0:00,18.2,0.6,64.5,49
10/16/2014 0:00,20.5,1,295.6,38
10/17/2014 0:00,22.3,1.3,265.6,23
10/18/2014 0:00,21.2,4.7,123.5,35
10/19/2014 0:00,19.5,4.1,98.8,18
10/20/2014 0:00,16.9,1.9,156.5,12
10/21/2014 0:00,17.7,1.8,132.6,19
10/22/2014 0:00,18.6,1.2,122.2,29
10/23/2014 0:00,18.7,0.5,334.4,42
10/24/2014 0:00,19.3,0.5,277.5,48
10/25/2014 0:00,,,,41
10/26/2014 0:00,,,,30
10/27/2014 0:00,,,,37
10/28/2014 0:00,18.2,1.5,155.4,55
10/29/2014 0:00,18.2,1.3,155,50
10/30/2014 0:00,18.1,1.3,19.1,49
10/31/2014 0:00,18.6,6.1,120.8,108
11/1/2014 0:00,19.4,3.7,135.4,45
11/2/2014 0:00,20.2,3,201.1,28
11/3/2014 0:00,14.4,1.6,324.1,13
11/4/2014 0:00,12,2.8,71.5,13
11/5/2014 0:00,12,2,109.9,15
11/6/2014 0:00,12.2,2.4,123.7,19
11/7/2014 0:00,12.2,1.5,292.6,17
11/8/2014 0:00,14.1,2.4,128.2,36
11/9/2014 0:00,12.9,1,223.7,22
11/10/2014 0:00,16.6,2.8,271.9,21
11/11/2014 0:00,16.6,2.5,226.9,25
11/12/2014 0:00,7.7,6.5,125.2,186
11/13/2014 0:00,3.1,5.3,121.5,47
11/14/2014 0:00,10.1,2.5,147.2,55
11/15/2014 0:00,14.2,2.9,258.2,17
11/16/2014 0:00,9.4,2.8,259.2,13
11/17/2014 0:00,3.1,2.6,140.5,21
11/18/2014 0:00,4.7,0.8,307.3,17
11/19/2014 0:00,6.5,0.6,307.3,20
11/20/2014 0:00,9.9,1,284.5,21
11/21/2014 0:00,12,0.6,104,40
11/22/2014 0:00,13.5,2.3,276.5,8
11/23/2014 0:00,11.7,4.2,280.6,70
11/24/2014 0:00,6.7,1.8,300.7,14
11/25/2014 0:00,5.4,1.5,286,15
11/26/2014 0:00,9.1,0.8,286.6,17
11/27/2014 0:00,9.6,0.7,118.5,46
11/28/2014 0:00,10,0.5,300,37
11/29/2014 0:00,11.9,1.5,240.5,21
11/30/2014 0:00,13,1.3,286.5,20
12/1/2014 0:00,9.7,2.7,134.4,66
12/2/2014 0:00,9.8,2.3,156.2,61
12/3/2014 0:00,15,1.1,246.7,36
12/4/2014 0:00,13,1.5,247,49
12/5/2014 0:00,11.9,0.9,274.7,18
12/6/2014 0:00,14.2,4.3,119.9,42
12/7/2014 0:00,13.9,1.6,147.1,22
12/8/2014 0:00,12.1,1.8,158.3,46
12/9/2014 0:00,,,,
12/10/2014 0:00,,,,
12/11/2014 0:00,,,,
12/12/2014 0:00,13.1,0.8,240.3,42
12/13/2014 0:00,12.9,2.2,224.7,50
12/14/2014 0:00,7.9,3.2,284.4,5
12/15/2014 0:00,6.9,1.2,284.4,22
12/16/2014 0:00,9.3,2.7,123.6,41
12/17/2014 0:00,9.3,3,264.7,22
12/18/2014 0:00,7.4,1.4,253.6,8
12/19/2014 0:00,5.3,1.2,286.8,4
12/20/2014 0:00,5,1.2,293.2,10
12/21/2014 0:00,9.1,2.7,261.2,6
12/22/2014 0:00,12.4,4.6,254.2,20
12/23/2014 0:00,7.2,2.7,338.4,12
12/24/2014 0:00,2.9,1.5,222.8,18
12/25/2014 0:00,7.7,2.2,192.6,68
12/26/2014 0:00,3.6,1.8,215.9,15
12/27/2014 0:00,2.9,1.6,162.1,14
12/28/2014 0:00,2.2,1.3,264.3,7
12/29/2014 0:00,5.8,1.6,261.5,10
12/30/2014 0:00,2.9,6.6,126.5,101
12/31/2014 0:00,-2.1,6.3,105.8,12
1/1/2015 0:00,1.9,4.1,132.5,22
1/2/2015 0:00,,,,17
1/3/2015 0:00,,,,7
1/4/2015 0:00,,,,31
1/5/2015 0:00,,,,31
1/6/2015 0:00,,,,21
1/7/2015 0:00,4,4.3,102.4,99
1/8/2015 0:00,1.6,2.7,139.3,17
1/9/2015 0:00,2.7,4.1,125.5,24
1/10/2015 0:00,4,2.7,168.4,15
1/11/2015 0:00,7,1.2,269,9
1/12/2015 0:00,8.3,3,113.5,29
1/13/2015 0:00,3.3,4.6,110.5,16
1/14/2015 0:00,4.1,3.1,117,10
1/15/2015 0:00,3.1,0.8,256.7,10
1/16/2015 0:00,5.1,1,307.5,12
1/17/2015 0:00,7.2,1,319,18
1/18/2015 0:00,9.8,1.1,252.7,31
1/19/2015 0:00,10.5,1,270.5,14
1/20/2015 0:00,11.8,1.3,118.9,41
1/21/2015 0:00,9.9,4.1,130.2,66
1/22/2015 0:00,2.3,2.3,103.5,6
1/23/2015 0:00,-0.1,1.2,288.9,7
1/24/2015 0:00,3.1,0.9,338.5,11
1/25/2015 0:00,6.8,0.9,221.9,15
1/26/2015 0:00,8.4,0.7,91,44
1/27/2015 0:00,12.8,0.4,259.2,22
1/28/2015 0:00,13.5,0.9,253.3,13
1/29/2015 0:00,11.1,3.9,85.7,99
1/30/2015 0:00,6.4,6.1,108.9,8
1/31/2015 0:00,9.2,2.5,205.6,6
2/1/2015 0:00,9.2,1.5,246.6,7
2/2/2015 0:00,9.4,1.3,140.6,20
2/3/2015 0:00,10.5,1.1,260.4,17
2/4/2015 0:00,13.2,1.7,296,13
2/5/2015 0:00,10.3,3,133.7,82
2/6/2015 0:00,12.1,0.6,30.6,46
2/7/2015 0:00,15.1,2.2,290.1,11
2/8/2015 0:00,16.1,1.3,297.8,11
2/9/2015 0:00,15.4,0.7,164.2,27
2/10/2015 0:00,15.4,1.2,263.7,16
2/11/2015 0:00,11.3,2.9,121.7,52
2/12/2015 0:00,8.3,3,117.2,25
2/13/2015 0:00,9.5,0.8,147.6,31
2/14/2015 0:00,12.5,1.1,121.8,33
2/15/2015 0:00,15.7,2.7,258.8,12
2/16/2015 0:00,14.9,3.5,221.3,25
2/17/2015 0:00,9.4,2.4,160.6,33
2/18/2015 0:00,11.6,1,350.2,41
2/19/2015 0:00,15.1,1.9,276.3,39
2/20/2015 0:00,16.3,2.8,281.5,18
2/21/2015 0:00,17.3,3.3,259.4,15
2/22/2015 0:00,12.4,5.1,139.8,149
2/23/2015 0:00,2,6.8,114.4,58
2/24/2015 0:00,5.2,3.9,140.7,58
2/25/2015 0:00,8.4,2.3,281.9,5
2/26/2015 0:00,7.3,4.7,123.4,80
2/27/2015 0:00,2.2,6.7,109.3,59
2/28/2015 0:00,8.1,4.4,141,27
3/1/2015 0:00,15.3,2.2,163.3,31
3/2/2015 0:00,12.9,4.1,153.2,35
3/3/2015 0:00,12.2,2.2,273.8,3
3/4/2015 0:00,10.6,3.3,224.7,9
3/5/2015 0:00,3.8,4.2,123.9,23
3/6/2015 0:00,8.6,2.6,117.6,23
3/7/2015 0:00,13,2.4,122.2,22
3/8/2015 0:00,15.2,2,174.9,17
3/9/2015 0:00,13.3,1.9,122,22
3/10/2015 0:00,13.9,1.7,136.7,29
3/11/2015 0:00,14.8,2,119.4,28
3/12/2015 0:00,14.9,2,151.4,45
3/13/2015 0:00,16.3,3,76.9,43
3/14/2015 0:00,16.1,4.5,73.2,41
3/15/2015 0:00,14.4,2.7,119.1,19
3/16/2015 0:00,15.8,2.3,146.5,37
3/17/2015 0:00,13.8,3,126.4,18
3/18/2015 0:00,12.5,2.1,211.3,11
3/19/2015 0:00,14.7,2.2,270.4,9
3/20/2015 0:00,14.5,2.6,132.8,19
3/21/2015 0:00,13.7,1.5,160.1,14
3/22/2015 0:00,17.5,1.9,272.2,9
3/23/2015 0:00,19.4,2.3,248,17
3/24/2015 0:00,18,2,277.7,18
3/25/2015 0:00,17.5,3.1,262.8,21
3/26/2015 0:00,13.6,2.5,149.6,38
3/27/2015 0:00,16.8,1.6,250.3,25
3/28/2015 0:00,20.7,1.7,286.6,17
3/29/2015 0:00,21.9,1.5,267.3,16
3/30/2015 0:00,22.7,3.1,153.6,72
3/31/2015 0:00,20.8,4.1,231.6,94
4/1/2015 0:00,19.6,2.9,266.5,20
4/2/2015 0:00,21.1,3.5,249.9,26
4/3/2015 0:00,19,2.5,343,67
4/4/2015 0:00,15.7,5.7,114.9,89
4/5/2015 0:00,20.4,3.1,259.6,23
4/6/2015 0:00,20.8,2.8,264.7,40
4/7/2015 0:00,20.9,2.7,261.2,51
4/8/2015 0:00,22.5,3.7,251.8,108
4/9/2015 0:00,17.8,1.6,280.4,41
4/10/2015 0:00,20.4,2.6,191.1,41
4/11/2015 0:00,21,2.6,252.6,37
4/12/2015 0:00,14.1,2.3,239,8
4/13/2015 0:00,13.3,2.3,56.2,7
4/14/2015 0:00,14.5,1.6,149.2,17
4/15/2015 0:00,19.3,3,233.4,27
4/16/2015 0:00,17.8,3.1,272.8,36
4/17/2015 0:00,13.5,2.1,268.9,21
4/18/2015 0:00,16.2,2.9,266.4,22
4/19/2015 0:00,19,1.5,274.8,20
4/20/2015 0:00,19.5,2.1,154.3,50
4/21/2015 0:00,20.7,2.1,235.4,26
4/22/2015 0:00,19.8,2,261.3,24
4/23/2015 0:00,19.3,2.8,216.3,53
4/24/2015 0:00,16.6,3.4,262.6,18
4/25/2015 0:00,17.7,2.7,266.4,18
4/26/2015 0:00,13.9,4,255.9,33
4/27/2015 0:00,13.1,2.4,8.2,35
4/28/2015 0:00,14,1.4,106.7,19
4/29/2015 0:00,16.5,1.6,161.5,31
4/30/2015 0:00,19.8,1.1,230.4,20
5/1/2015 0:00,23.1,1.2,214.6,27
5/2/2015 0:00,25,3.2,183,48
5/3/2015 0:00,24.2,1.7,270.4,17
5/4/2015 0:00,22.9,1.8,184.9,20
5/5/2015 0:00,19.7,3.2,277.8,19
5/6/2015 0:00,20.5,1.9,237.2,20
5/7/2015 0:00,20.9,1.9,249.4,29
5/8/2015 0:00,21.5,2.7,246.4,42
5/9/2015 0:00,17.8,2.8,293.8,21
5/10/2015 0:00,17,1.6,272.5,17
5/11/2015 0:00,20.1,2.8,107.2,85
5/12/2015 0:00,17.5,4.7,118.3,100
5/13/2015 0:00,18.1,1.5,306,17
5/14/2015 0:00,20.9,4.4,177.8,42
5/15/2015 0:00,21.8,4.4,223,31
5/16/2015 0:00,18.7,3.9,272.2,42
5/17/2015 0:00,19.1,1.5,216.7,17
5/18/2015 0:00,24.3,2.5,149.3,47
5/19/2015 0:00,23,2.6,266.7,20
5/20/2015 0:00,22.1,1.7,181.5,36
5/21/2015 0:00,19.6,5.3,120.5,68
5/22/2015 0:00,21.7,3.6,181.6,20
5/23/2015 0:00,21.3,3,269.4,23
5/24/2015 0:00,19.8,2.8,252.5,19
5/25/2015 0:00,20.8,2.3,259.8,18
5/26/2015 0:00,22.8,1,231.5,21
5/27/2015 0:00,25.1,1.2,228.1,39
5/28/2015 0:00,26,2,255.7,27
5/29/2015 0:00,26.1,1.6,292,24
5/30/2015 0:00,25.3,4,112.4,77
5/31/2015 0:00,25.4,2.8,109.2,21
6/1/2015 0:00,28.1,2,178.1,43
6/2/2015 0:00,29,2.6,252.6,23
6/3/2015 0:00,28.3,2.5,243.4,30
6/4/2015 0:00,28.1,1.3,225.3,45
6/5/2015 0:00,28.8,2,262.3,39
6/6/2015 0:00,28.4,2.5,132.8,37
6/7/2015 0:00,28.5,2.4,151.5,24
6/8/2015 0:00,27.5,3,145.2,69
6/9/2015 0:00,26.5,2.3,124.6,18
6/10/2015 0:00,28.7,1.7,282.6,19
6/11/2015 0:00,29,2.1,275.5,23
6/12/2015 0:00,28.2,1.4,274.4,25
6/13/2015 0:00,28.4,1.9,244.2,28
6/14/2015 0:00,28.1,1.5,78.3,22
6/15/2015 0:00,28.2,3.7,111.4,117
6/16/2015 0:00,27.6,2.8,111.4,75
6/17/2015 0:00,29,1.8,130.9,36
6/18/2015 0:00,30.8,2.9,122.6,70
6/19/2015 0:00,29.7,3.4,123.4,28
6/20/2015 0:00,31.2,2.5,109.3,42
6/21/2015 0:00,32.1,2.5,147.3,42
6/22/2015 0:00,31.4,3.5,126.2,60
6/23/2015 0:00,27,4.8,106.5,83
6/24/2015 0:00,26.7,3.8,123.3,53
6/25/2015 0:00,27.5,3,150.3,57
6/26/2015 0:00,27.9,2.1,165.9,41
6/27/2015 0:00,27.3,2.3,106.5,37
6/28/2015 0:00,28,2.4,137.3,22
6/29/2015 0:00,29.1,2,122.5,108
6/30/2015 0:00,26.9,3.2,128.8,126
7/1/2015 0:00,28.7,1.3,177.1,54
7/2/2015 0:00,30.6,2.2,154.7,79
7/3/2015 0:00,28.3,2.7,71.5,25
7/4/2015 0:00,27.4,2.1,127.4,28
7/5/2015 0:00,26.2,2.4,269.1,8
7/6/2015 0:00,28.3,2.2,279.7,9
7/7/2015 0:00,26.2,2.8,115.4,32
7/8/2015 0:00,25.4,2.6,136.4,45
7/9/2015 0:00,24.7,1.8,17.1,34
7/10/2015 0:00,23.7,2,117.3,18
7/11/2015 0:00,25.2,2.3,138.4,30
7/12/2015 0:00,29.9,2.2,139.9,35
7/13/2015 0:00,29,1.4,294.2,28
7/14/2015 0:00,27.6,2.2,282.2,11
7/15/2015 0:00,27.8,2.3,261.7,18
7/16/2015 0:00,28.5,2.3,269.2,16
7/17/2015 0:00,28,2.3,310.4,20
7/18/2015 0:00,28.5,2.3,260.8,23
7/19/2015 0:00,27.4,2,272,11
7/20/2015 0:00,28,1.9,309.4,14
7/21/2015 0:00,27.1,2.4,131,33
7/22/2015 0:00,25.7,1.2,242,16
7/23/2015 0:00,27.5,1.4,238.2,11
7/24/2015 0:00,29.7,1.5,283.6,15
7/25/2015 0:00,30.3,1.8,328.9,37
7/26/2015 0:00,28.7,1.8,210.2,16
7/27/2015 0:00,29.4,2.1,236.3,29
7/28/2015 0:00,28.5,2.2,257.2,56
7/29/2015 0:00,25.1,2,13.8,21
7/30/2015 0:00,24.9,1.4,178.6,15
7/31/2015 0:00,27.7,2,137.7,21
8/1/2015 0:00,29.3,1.5,149.8,30
8/2/2015 0:00,28.3,1.8,195.8,22
8/3/2015 0:00,27.2,2,263.2,18
8/4/2015 0:00,28.9,1.2,235.4,20
8/5/2015 0:00,31.7,1.7,208.2,22
8/6/2015 0:00,31.6,1.7,201,35
8/7/2015 0:00,30.6,2.3,293.2,25
8/8/2015 0:00,28.2,1.8,285.4,15
8/9/2015 0:00,28.2,1.6,323.7,22
8/10/2015 0:00,28,2.1,144.4,27
8/11/2015 0:00,29.4,3.9,106.4,42
8/12/2015 0:00,29.9,2.6,136.6,53
8/13/2015 0:00,30.9,1.7,140.4,60
8/14/2015 0:00,31.5,1.6,133.6,55
8/15/2015 0:00,31,2.5,114.6,43
8/16/2015 0:00,28.6,2.2,122.2,54
8/17/2015 0:00,29.3,2.4,165.9,41
8/18/2015 0:00,30.5,1.6,284.7,29
8/19/2015 0:00,29.7,3.8,126.6,89
8/20/2015 0:00,28.4,3.5,207.2,49
8/21/2015 0:00,29.3,3.9,246.6,38
8/22/2015 0:00,25.8,3,299.9,40
8/23/2015 0:00,27.2,2.8,143.9,38
8/24/2015 0:00,24.9,2.5,129.7,28
8/25/2015 0:00,28.2,2.6,120.6,46
8/26/2015 0:00,28.5,2.4,120.5,50
8/27/2015 0:00,28.7,1.6,214.7,42
8/28/2015 0:00,27,1.9,267.5,24
8/29/2015 0:00,27.4,3.2,127.3,15
8/30/2015 0:00,27.3,3,144.9,28
8/31/2015 0:00,28.2,1.7,166.5,62
9/1/2015 0:00,27.9,1.5,281.2,21
9/2/2015 0:00,27.7,1.6,308.5,36
9/3/2015 0:00,25.6,1.9,292.1,43
9/4/2015 0:00,25.7,1.8,330.7,24
9/5/2015 0:00,26.7,1.2,324.9,15
9/6/2015 0:00,28.6,1.7,345.7,32
9/7/2015 0:00,28.1,1.3,310.3,24
9/8/2015 0:00,27.5,2.4,335.4,96
9/9/2015 0:00,25.6,2.8,123,80
9/10/2015 0:00,24.9,1.1,265.2,24
9/11/2015 0:00,25.1,2.1,145.5,43
9/12/2015 0:00,26,2.8,156,35
9/13/2015 0:00,27.9,2.3,193.3,16
9/14/2015 0:00,27.9,2.2,199,29
9/15/2015 0:00,27.8,2.5,238.6,24
9/16/2015 0:00,26.7,1.4,274.3,60
9/17/2015 0:00,25.9,1.8,240.7,20
9/18/2015 0:00,27,1.8,251.2,9
9/19/2015 0:00,21.3,2.3,131.1,29
9/20/2015 0:00,21.4,1.8,154.6,17
9/21/2015 0:00,21.9,2.2,137.8,30
9/22/2015 0:00,23.6,1.2,268.6,9
9/23/2015 0:00,25,0.9,332.4,25
9/24/2015 0:00,24.3,2.7,107.6,54
9/25/2015 0:00,23.8,3.4,113.8,25
9/26/2015 0:00,23.9,2.1,159.7,24
9/27/2015 0:00,24.9,1.6,249.2,13
9/28/2015 0:00,26.5,1.1,336.1,21
9/29/2015 0:00,26.6,2.7,167.3,61
9/30/2015 0:00,26.2,3.7,137.3,74
10/1/2015 0:00,26.2,1.8,165.1,49
10/2/2015 0:00,27.3,2.9,188.1,36
10/3/2015 0:00,23.4,2.5,172.1,27
10/4/2015 0:00,17.3,4.7,118.3,8
10/5/2015 0:00,18.2,4.2,122.7,24
10/6/2015 0:00,19.7,3.7,139.2,24
10/7/2015 0:00,18.2,2.3,111.4,14
10/8/2015 0:00,17.4,2.7,111,12
10/9/2015 0:00,19.1,4.3,113.9,19
10/10/2015 0:00,20.8,2.1,99.9,18
10/11/2015 0:00,22.5,1.2,281,13
10/12/2015 0:00,23.4,2,322.6,28
10/13/2015 0:00,23.7,1,126.4,53
10/14/2015 0:00,23.6,1,147.3,40
10/15/2015 0:00,23.7,1.7,134.4,65
10/16/2015 0:00,20.8,6.3,114,268
10/17/2015 0:00,18.9,5,128.5,30
10/18/2015 0:00,20,2.6,135.5,20
10/19/2015 0:00,22.2,2.7,162.7,30
10/20/2015 0:00,20.4,2.5,176.6,24
10/21/2015 0:00,16.5,2.4,122.2,16
10/22/2015 0:00,15.1,0.9,234.2,9
10/23/2015 0:00,16.4,1.1,345.1,14
10/24/2015 0:00,16.4,3.7,128.9,24
10/25/2015 0:00,16.2,3.1,132.7,26
10/26/2015 0:00,18.1,2.5,154.4,49
10/27/2015 0:00,18.5,1.8,293.2,17
10/28/2015 0:00,17.9,1.7,167.2,48
10/29/2015 0:00,13.5,1.6,122.6,43
10/30/2015 0:00,11.8,1.4,191.8,7
10/31/2015 0:00,12.6,1.4,286.9,6
11/1/2015 0:00,14.6,1.3,275.6,6
11/2/2015 0:00,16.6,1,219.7,19
11/3/2015 0:00,17.5,1,201.7,40
11/4/2015 0:00,16.6,2.9,241.8,58
11/5/2015 0:00,11.9,2.3,289.4,11
11/6/2015 0:00,10.1,0.5,341.1,23
11/7/2015 0:00,12.1,4.2,88.7,72
11/8/2015 0:00,12.7,3.7,129.1,30
11/9/2015 0:00,14.4,1.5,179.8,20
11/10/2015 0:00,16.1,2.4,242.6,36
11/11/2015 0:00,10.9,3.1,285.3,14
11/12/2015 0:00,9.3,1.4,176.7,31
11/13/2015 0:00,13.4,3,128.4,50
11/14/2015 0:00,15.4,2.1,128.6,47
11/15/2015 0:00,15.5,4.2,187.6,7
11/16/2015 0:00,12.1,4.5,237.8,159
11/17/2015 0:00,7.5,4.2,272.7,30
11/18/2015 0:00,9.5,2.2,255.2,10
11/19/2015 0:00,10.2,1.5,148.8,47
11/20/2015 0:00,10.9,0.7,264.4,25
11/21/2015 0:00,8.6,5,120.9,178
11/22/2015 0:00,7.1,0.8,92.6,32
11/23/2015 0:00,7.7,0.8,87.9,49
11/24/2015 0:00,10.8,0.8,246.1,37
11/25/2015 0:00,14,1.4,179.8,49
11/26/2015 0:00,13.8,1.1,170.8,8
11/27/2015 0:00,10.6,6.8,131.3,16
11/28/2015 0:00,5.2,6.5,121,7
11/29/2015 0:00,10,2.8,147.1,13
11/30/2015 0:00,8.2,1.5,266.2,5
12/1/2015 0:00,6.4,1,300.4,9
12/2/2015 0:00,6,0.7,286.3,12
12/3/2015 0:00,6.2,0.7,119.8,43
12/4/2015 0:00,8.1,1,116.5,59
12/5/2015 0:00,9.6,0.9,237.2,41
12/6/2015 0:00,9,1.7,129.1,22
12/7/2015 0:00,7.4,0.5,349.2,23
12/8/2015 0:00,7.8,0.8,310.1,19
12/9/2015 0:00,10.2,1.2,286.8,
12/10/2015 0:00,14,1.3,292.4,21
12/11/2015 0:00,15.1,2,218.2,
12/12/2015 0:00,9,4.1,238.3,
12/13/2015 0:00,6.6,4.5,264.5,
12/14/2015 0:00,8,3,252.9,
12/15/2015 0:00,4.1,3.4,287.4,26
12/16/2015 0:00,1.2,1.7,259.7,8
12/17/2015 0:00,3.2,1.5,238.4,18
12/18/2015 0:00,4.3,0.6,38.9,53
12/19/2015 0:00,6.8,1.1,145,44
12/20/2015 0:00,11.1,2.6,276.2,28
12/21/2015 0:00,8.6,1.8,265,6
12/22/2015 0:00,8.9,2.1,291.2,20
12/23/2015 0:00,12,3.7,259.2,9
12/24/2015 0:00,12.4,3.1,239.4,7
12/25/2015 0:00,12.3,2.7,243.5,28
12/26/2015 0:00,3.4,2,322.7,21
12/27/2015 0:00,-1.4,2.2,284.7,5
12/28/2015 0:00,-2.3,0.8,239.4,11
12/29/2015 0:00,0.4,1.6,267,12
12/30/2015 0:00,2.2,1.4,220.8,6
12/31/2015 0:00,3.6,1.6,43.7,27
1/1/2016 0:00,3.1,5.6,111.2,9
1/2/2016 0:00,2.6,1.9,163.5,10
1/3/2016 0:00,2.5,1.2,172.3,38
1/4/2016 0:00,4.7,4.1,134.8,19
1/5/2016 0:00,6,2,126,13
1/6/2016 0:00,7.9,2.7,268.5,7
1/7/2016 0:00,7.1,3.5,246.6,6
1/8/2016 0:00,3.9,3.8,262.9,0
1/9/2016 0:00,3,2.2,270.2,1
1/10/2016 0:00,2.7,1.5,263,3
1/11/2016 0:00,3.7,1.7,278.3,3
1/12/2016 0:00,2.5,0.9,275.4,7
1/13/2016 0:00,3.7,1.2,309.4,10
1/14/2016 0:00,7,3.3,276.3,8
1/15/2016 0:00,8.2,4.1,253.5,12
1/16/2016 0:00,5.8,1.6,285.7,6
1/17/2016 0:00,9.2,1.6,277.9,7
1/18/2016 0:00,8.3,1.1,233.9,13
1/19/2016 0:00,10.9,1.8,279,20
1/20/2016 0:00,11.9,2.6,264.1,11
1/21/2016 0:00,7.7,1.8,302.6,15
1/22/2016 0:00,6.3,0.5,9.8,22
1/23/2016 0:00,7.6,0.6,172.3,56
1/24/2016 0:00,10.9,3,267.4,80
1/25/2016 0:00,8.2,1.6,269.6,
1/26/2016 0:00,5.6,3.1,42.2,
1/27/2016 0:00,3.6,1.4,257.2,
1/28/2016 0:00,6.2,0.9,259,
1/29/2016 0:00,8.8,1.2,232.1,12
1/30/2016 0:00,13.5,3.3,255.1,26
1/31/2016 0:00,14,3.9,244.7,22
2/1/2016 0:00,6.9,5.2,254.7,19
2/2/2016 0:00,2.8,4.4,283.2,15
2/3/2016 0:00,1.1,1.5,280.5,3
2/4/2016 0:00,1.3,0.9,282.2,18
2/5/2016 0:00,3.3,1.8,303.1,13
2/6/2016 0:00,4.5,1.2,272.5,9
2/7/2016 0:00,7,1,297.6,6
2/8/2016 0:00,8.9,3.3,150.5,
2/9/2016 0:00,9.3,1.6,144.7,40
2/10/2016 0:00,10.6,0.5,250.5,28
2/11/2016 0:00,11.9,0.7,285.8,19
2/12/2016 0:00,12.8,0.6,176.2,31
2/13/2016 0:00,13.3,1.1,146.8,
2/14/2016 0:00,13.9,1.3,303.7,
2/15/2016 0:00,13.5,1.3,280.7,
2/16/2016 0:00,13.9,1,213.1,32
2/17/2016 0:00,15.2,1.2,120.4,58
2/18/2016 0:00,17.9,2.1,264.8,49
2/19/2016 0:00,19.2,1.9,236.4,27
2/20/2016 0:00,18.3,1,272.1,17
2/21/2016 0:00,17.5,3.3,136,68
2/22/2016 0:00,15.4,5,218.8,76
2/23/2016 0:00,10.2,3.5,357.9,32
2/24/2016 0:00,6.9,1.1,152.1,30
2/25/2016 0:00,9.5,1.6,101,40
2/26/2016 0:00,12.4,2.6,145.7,50
2/27/2016 0:00,14.1,1.2,188.4,35
2/28/2016 0:00,16.6,1.2,244.7,18
2/29/2016 0:00,17.4,3.1,259.1,36
3/1/2016 0:00,17,1.4,231.4,27
3/2/2016 0:00,19.3,2.7,276.7,27
3/3/2016 0:00,18,1.9,185.2,37
3/4/2016 0:00,18,1.5,205.6,38
3/5/2016 0:00,17.4,1.7,193.9,30
3/6/2016 0:00,19.3,3.7,246.2,36
3/7/2016 0:00,14.6,3.4,272.3,55
3/8/2016 0:00,10.1,1.8,206.8,78
3/9/2016 0:00,12,1.5,10.9,22
3/10/2016 0:00,14.2,1.4,277.7,30
3/11/2016 0:00,15.8,2,154.6,39
3/12/2016 0:00,16.4,4.4,253.5,141
3/13/2016 0:00,14.9,2.7,279.8,22
3/14/2016 0:00,17.3,3.2,253.8,20
3/15/2016 0:00,17.3,1.9,283.9,32
3/16/2016 0:00,17.1,1.2,277.9,27
3/17/2016 0:00,17.5,1.7,283,22
3/18/2016 0:00,18.4,2.6,266.6,52
3/19/2016 0:00,11.4,6.5,119.2,100
3/20/2016 0:00,11.9,4.5,121.7,43
3/21/2016 0:00,17.7,3.3,165.4,23
3/22/2016 0:00,21.1,5.4,227.4,199
3/23/2016 0:00,15.2,4.7,284.8,189
3/24/2016 0:00,12,1.1,221.5,18
3/25/2016 0:00,15,3,250.2,20
3/26/2016 0:00,17.3,3.2,252.1,27
3/27/2016 0:00,15.1,2.2,149.5,47
3/28/2016 0:00,18.3,3.4,196.8,34
3/29/2016 0:00,18.8,4.6,233.1,212
3/30/2016 0:00,13.8,3.1,300.9,34
3/31/2016 0:00,11.4,2.7,267.4,16
4/1/2016 0:00,9.7,2.8,115.5,14
4/2/2016 0:00,10.8,2.7,130.1,21
4/3/2016 0:00,14.5,1.1,199.1,17
4/4/2016 0:00,18.2,1,205.2,24
4/5/2016 0:00,21.7,2.5,287.7,35
4/6/2016 0:00,19.4,1.3,168.8,38
4/7/2016 0:00,18.8,2,134.9,70
4/8/2016 0:00,18.7,2.1,110.5,32
4/9/2016 0:00,18.3,1.6,226.3,12
4/10/2016 0:00,17.7,3.4,280.5,88
4/11/2016 0:00,15.9,2.2,288.3,10
4/12/2016 0:00,14.1,3.4,97.6,19
4/13/2016 0:00,16.3,1,293,9
4/14/2016 0:00,20.4,1.5,205,15
4/15/2016 0:00,21.9,4.5,241.1,237
4/16/2016 0:00,15,4,292.1,42
4/17/2016 0:00,14.5,1.6,243.2,12
4/18/2016 0:00,17.6,4.1,128.4,36
4/19/2016 0:00,17.6,1.3,299.2,15
4/20/2016 0:00,20.3,1.9,258,20
4/21/2016 0:00,21.8,2.3,120.2,36
4/22/2016 0:00,22.2,5.6,129.3,60
4/23/2016 0:00,21.8,2.9,189.5,22
4/24/2016 0:00,22,3.9,254.9,29
4/25/2016 0:00,21.9,4.5,246.9,221
4/26/2016 0:00,18.1,4.3,285.2,98
4/27/2016 0:00,17.5,2.7,250.9,33
4/28/2016 0:00,20.8,3.2,235.3,58
4/29/2016 0:00,16.7,3.9,281.6,30
4/30/2016 0:00,17.6,2.3,228.5,21
5/1/2016 0:00,14.6,6.4,125.3,84
5/2/2016 0:00,14.3,4.2,118.6,34
5/3/2016 0:00,20.2,2.9,93.8,28
5/4/2016 0:00,22.7,4.5,120.6,32
5/5/2016 0:00,25.2,5.8,124.6,40
5/6/2016 0:00,25.9,4.2,189.8,184
5/7/2016 0:00,20.9,2.5,279.8,44
5/8/2016 0:00,19.1,3.5,268,31
5/9/2016 0:00,19.1,3.8,272.1,20
5/10/2016 0:00,21.4,2.4,263.8,15
5/11/2016 0:00,23.1,1.6,274.7,20
5/12/2016 0:00,23.2,3.6,110.7,52
5/13/2016 0:00,25.4,3.7,137.1,36
5/14/2016 0:00,22.8,4.8,119.7,62
5/15/2016 0:00,24.3,3.8,189.3,52
5/16/2016 0:00,24.5,4.4,246.2,97
5/17/2016 0:00,20.9,4.1,129.5,76
5/18/2016 0:00,16.5,5.5,108.7,14
5/19/2016 0:00,18.2,1.3,144.6,19
5/20/2016 0:00,24.3,2.3,185.5,28
5/21/2016 0:00,24.7,2,248.3,20
5/22/2016 0:00,24.4,3,265.4,49
5/23/2016 0:00,25,2.9,253.9,53
5/24/2016 0:00,24.3,2.8,250,74
5/25/2016 0:00,24.4,2.5,244.8,66
5/26/2016 0:00,22.7,3.7,263.3,75
5/27/2016 0:00,20.4,2,261.5,25
5/28/2016 0:00,24,1.7,220,35
5/29/2016 0:00,26.3,2.2,230.1,41
5/30/2016 0:00,24.7,2.5,208,24
5/31/2016 0:00,22.2,2.7,199.1,17
6/1/2016 0:00,20.5,2.6,114.3,51
6/2/2016 0:00,22.9,2.1,61.2,16
6/3/2016 0:00,27.3,2,63,30
6/4/2016 0:00,28.4,4.9,121.3,24
6/5/2016 0:00,28.1,3.3,130.6,39
6/6/2016 0:00,29.4,3.8,117.8,38
6/7/2016 0:00,30,4.2,129.6,41
6/8/2016 0:00,29.1,2.7,186.5,40
6/9/2016 0:00,29.1,2.9,264.1,40
6/10/2016 0:00,29,2.5,278.3,40
6/11/2016 0:00,26.5,2.3,250.1,23
6/12/2016 0:00,28.8,2,252.9,13
6/13/2016 0:00,29.4,2.8,266.1,34
6/14/2016 0:00,28,1.8,269.7,22
6/15/2016 0:00,28.8,1.8,270.9,33
6/16/2016 0:00,29.3,2.5,263.7,20
6/17/2016 0:00,29.5,1.5,297.2,22
6/18/2016 0:00,31.4,1.3,331.3,23
6/19/2016 0:00,31.2,4.6,134.3,41
6/20/2016 0:00,29.2,5.1,121.4,30
6/21/2016 0:00,29.9,2.7,115.7,31
6/22/2016 0:00,33,2.4,179.5,45
6/23/2016 0:00,31.9,2.8,205,64
6/24/2016 0:00,29.9,2.8,170,91
6/25/2016 0:00,27.9,2.3,322.9,52
6/26/2016 0:00,28.2,2.6,101.9,24
6/27/2016 0:00,27.9,3.9,93.4,17
6/28/2016 0:00,24.3,4,103.3,10
6/29/2016 0:00,27.8,3.3,120.3,16
6/30/2016 0:00,28,3.3,137.8,49
7/1/2016 0:00,23.6,1.7,311.7,11
7/2/2016 0:00,26.8,3.6,262.8,11
7/3/2016 0:00,29.6,2.1,293,10
7/4/2016 0:00,31.5,1.4,304.5,12
7/5/2016 0:00,31.3,2,314.6,41
7/6/2016 0:00,31.2,2.8,292.9,44
7/7/2016 0:00,30.3,3.6,264.6,39
7/8/2016 0:00,31,2.2,258.1,19
7/9/2016 0:00,31.3,3,200.5,50
7/10/2016 0:00,32.4,2.7,246.8,17
7/11/2016 0:00,32.2,3.6,264.5,25
7/12/2016 0:00,32,2.8,275.5,19
7/13/2016 0:00,32.7,1.7,319.7,15
7/14/2016 0:00,33.5,1.7,323,20
7/15/2016 0:00,31.5,2.6,135.1,132
7/16/2016 0:00,30.9,1.9,134.4,85
7/17/2016 0:00,31,2.1,228.2,37
7/18/2016 0:00,29.5,1.6,256.7,48
7/19/2016 0:00,29.4,2.3,144.8,45
7/20/2016 0:00,30.7,2.3,134.9,48
7/21/2016 0:00,32.1,3.1,128.8,33
7/22/2016 0:00,32.3,2.6,133.7,39
7/23/2016 0:00,32.8,2.9,126,33
7/24/2016 0:00,32.1,2.3,142.8,195
7/25/2016 0:00,30.6,2.9,126.9,69
7/26/2016 0:00,30,3.4,107,33
7/27/2016 0:00,26.9,2.1,82.4,20
7/28/2016 0:00,29.7,2.5,89.4,27
7/29/2016 0:00,29.7,3.4,119.2,47
7/30/2016 0:00,28.7,2.9,131.1,20
7/31/2016 0:00,28.5,2.1,150.1,27
8/1/2016 0:00,26.6,2.1,204.4,94
8/2/2016 0:00,25.8,1.7,231.6,24
8/3/2016 0:00,25.8,2.3,226.2,9
8/4/2016 0:00,26.2,2.6,239.2,18
8/5/2016 0:00,27.5,1.7,234.3,26
8/6/2016 0:00,28.9,1.5,195.1,24
8/7/2016 0:00,29.5,1.9,171.1,17
8/8/2016 0:00,28.2,1.3,33.8,29
8/9/2016 0:00,25.9,2.3,257.5,8
8/10/2016 0:00,26,1.9,198.3,7
8/11/2016 0:00,27.3,1.6,284.7,6
8/12/2016 0:00,28.4,2.7,161.1,14
8/13/2016 0:00,24.1,3.1,71.7,12
8/14/2016 0:00,24.8,3,100.2,14
8/15/2016 0:00,26,2.1,132.8,20
8/16/2016 0:00,27.1,3.5,130.2,25
8/17/2016 0:00,27.2,2.7,137.7,39
8/18/2016 0:00,26.9,2.6,141.1,57
8/19/2016 0:00,26.8,2.4,123.7,29
8/20/2016 0:00,24.9,2.5,122.1,25
8/21/2016 0:00,23.7,3.9,102.2,17
8/22/2016 0:00,24.2,2.1,125,18
8/23/2016 0:00,24.4,2.7,128.2,21
8/24/2016 0:00,25.1,2,222.3,15
8/25/2016 0:00,24,2.4,156.8,28
8/26/2016 0:00,24.7,3,123.7,34
8/27/2016 0:00,24.6,2.4,133.4,17
8/28/2016 0:00,24.3,2.4,123.1,14
8/29/2016 0:00,24.4,3.9,114.9,20
8/30/2016 0:00,22.1,4,108.8,7
8/31/2016 0:00,23.5,3.5,113.2,14
9/1/2016 0:00,22.8,3.4,122.4,15
9/2/2016 0:00,24.5,2.8,127.4,26
9/3/2016 0:00,26.4,3,142.8,24
9/4/2016 0:00,27.8,3.2,144.9,25
9/5/2016 0:00,28.3,4.5,126.9,36
9/6/2016 0:00,22.8,1.9,136.2,21
9/7/2016 0:00,22,2.2,160.3,6
9/8/2016 0:00,23.3,2.6,254,4
9/9/2016 0:00,25.6,1.4,291.5,11
9/10/2016 0:00,23.4,4.6,113.7,44
9/11/2016 0:00,23.7,2.2,130.1,24
9/12/2016 0:00,25.2,2.2,275.4,14
9/13/2016 0:00,24.8,1.3,253.2,11
9/14/2016 0:00,25.6,2.1,158.4,34
9/15/2016 0:00,26.5,3.3,165.5,26
9/16/2016 0:00,25.4,2.1,249.1,15
9/17/2016 0:00,24.5,1.1,330,23
9/18/2016 0:00,25.8,1.5,87.7,23
9/19/2016 0:00,26.3,0.9,175.8,28
9/20/2016 0:00,28,2.5,143.8,48
9/21/2016 0:00,28.1,2.3,151.1,38
9/22/2016 0:00,27.9,3.2,149.9,44
9/23/2016 0:00,25.7,2.8,271.7,20
9/24/2016 0:00,22.1,1.9,283.9,18
9/25/2016 0:00,20.5,4,71.4,46
9/26/2016 0:00,15.5,4.8,100.2,19
9/27/2016 0:00,17.1,2,149.5,21
9/28/2016 0:00,21.5,2.4,142,33
9/29/2016 0:00,24,4.8,126,19
9/30/2016 0:00,19.7,2.5,174.9,7
10/1/2016 0:00,21.9,1.6,257.8,5
10/2/2016 0:00,23.1,1.6,250.3,7
10/3/2016 0:00,24,3.2,241.9,12
10/4/2016 0:00,20.5,2.5,278.3,8
10/5/2016 0:00,20.8,1.8,232.5,14
10/6/2016 0:00,22.1,1.5,296.1,12
10/7/2016 0:00,18.6,4.5,116.6,32
10/8/2016 0:00,18.1,5.5,121.3,8
10/9/2016 0:00,20.6,4.2,120.8,8
10/10/2016 0:00,22.4,2,136.3,37
10/11/2016 0:00,23.2,1.6,195.6,26
10/12/2016 0:00,23.6,1,248.6,27
10/13/2016 0:00,22.7,3.7,140.6,61
10/14/2016 0:00,21.9,1.5,168.9,35
10/15/2016 0:00,22.5,1.5,260.7,17
10/16/2016 0:00,23.3,1.9,249.3,10
10/17/2016 0:00,22.2,2.2,281.6,14
10/18/2016 0:00,22.1,1.6,289.9,12
10/19/2016 0:00,21.5,1.1,304.3,27
10/20/2016 0:00,19.4,4.9,111.4,54
10/21/2016 0:00,18.8,3,141.1,64
10/22/2016 0:00,19.1,0.8,229.8,36
10/23/2016 0:00,20.1,0.6,2.6,42
10/24/2016 0:00,21.6,1,105.5,48
10/25/2016 0:00,22.5,1.8,289.3,32
10/26/2016 0:00,21.2,1.3,66.7,25
10/27/2016 0:00,22.8,3.1,145.1,48
10/28/2016 0:00,21.9,3,168.2,45
10/29/2016 0:00,21.3,1,249.4,42
10/30/2016 0:00,21.4,1.5,148.9,56
10/31/2016 0:00,21.5,2.1,230,26
11/1/2016 0:00,21.5,2.2,235,18
11/2/2016 0:00,20.1,1.5,68.7,33
11/3/2016 0:00,18.3,6.5,101.3,65
11/4/2016 0:00,17.7,8.3,115.3,34
11/5/2016 0:00,18.7,3.8,136.1,8
11/6/2016 0:00,16.1,1.2,282.3,7
11/7/2016 0:00,16.1,1,311,16
11/8/2016 0:00,17.1,4.3,114.7,13
11/9/2016 0:00,12.7,3.8,119.4,11
11/10/2016 0:00,12.1,3,122.1,11
11/11/2016 0:00,13.1,1.8,124.5,19
11/12/2016 0:00,13.7,2.2,122.5,31
11/13/2016 0:00,13,1.2,309.8,14
11/14/2016 0:00,13.6,0.7,67.1,23
11/15/2016 0:00,14.3,0.8,328.4,15
11/16/2016 0:00,15.1,1.1,213.7,28
11/17/2016 0:00,18.4,3.8,260,57
11/18/2016 0:00,11.8,2.7,79.2,24
11/19/2016 0:00,11.1,5.1,122,44
11/20/2016 0:00,12.9,1.8,132.1,58
11/21/2016 0:00,14.5,2.6,162.5,48
11/22/2016 0:00,11.9,2.2,295.1,8
11/23/2016 0:00,10.5,1.8,160.5,41
11/24/2016 0:00,10.4,1,318.6,21
11/25/2016 0:00,12,4.5,121.3,23
11/26/2016 0:00,12.4,3.8,128.9,34
11/27/2016 0:00,14.5,3.9,269.5,26
11/28/2016 0:00,9.1,4.4,295.1,37
11/29/2016 0:00,7.5,3.9,305.2,19
11/30/2016 0:00,4,0.9,269.4,9
12/1/2016 0:00,6.6,0.7,55.4,47
12/2/2016 0:00,9.4,2.1,91.4,47
12/3/2016 0:00,7.5,2.5,101,9
12/4/2016 0:00,7.2,0.8,278.5,3
12/5/2016 0:00,8,2.3,268.3,5
12/6/2016 0:00,10.6,2.3,238.3,5
12/7/2016 0:00,10.4,1.5,266.9,18
12/8/2016 0:00,3.6,6.9,125.5,35
12/9/2016 0:00,2.9,3.7,132.8,
12/10/2016 0:00,6.4,0.5,40.2,
12/11/2016 0:00,12.9,2.1,290.2,
12/12/2016 0:00,13.8,1.7,266.5,
12/13/2016 0:00,13.4,1.8,251.3,
12/14/2016 0:00,14.1,1.3,244,11
12/15/2016 0:00,14.2,1.7,232.6,23
12/16/2016 0:00,16.6,4.2,239.7,86
12/17/2016 0:00,10.6,4.3,280.6,363
12/18/2016 0:00,4.3,4,136.4,44
12/19/2016 0:00,5.1,4.6,142.2,64
12/20/2016 0:00,6.5,0.5,316.9,49
12/21/2016 0:00,11,0.7,288.1,41
12/22/2016 0:00,8.8,6.1,138.9,20
12/23/2016 0:00,10,1.6,262,14
12/24/2016 0:00,12.6,3.4,155,53
12/25/2016 0:00,6,3.7,307.3,11
12/26/2016 0:00,4.9,0.8,284.5,7
12/27/2016 0:00,5.9,1.1,297,9
12/28/2016 0:00,9.4,0.8,300.6,12
12/29/2016 0:00,6.9,3.7,114,18
12/30/2016 0:00,6.9,2.1,165.5,13
12/31/2016 0:00,8.2,1.1,312,9
